split,index,ground_truth,prediction,correct,confidence
val,0,0,0,True,0.9054
val,1,0,0,True,0.9084
val,2,0,0,True,0.7694
val,3,0,1,False,0.5360
val,4,0,1,False,0.5690
val,5,0,1,False,0.5233
val,6,0,1,False,0.4400
val,7,0,2,False,0.5045
val,8,0,0,True,0.8906
val,9,0,0,True,0.6019
val,10,0,0,True,0.5752
val,11,0,0,True,0.7953
val,12,0,1,False,0.5045
val,13,0,1,False,0.4713
val,14,0,0,True,0.6704
val,15,0,0,True,0.9053
val,16,0,1,False,0.5105
val,17,0,1,False,0.4879
val,18,0,0,True,0.6925
val,19,0,0,True,0.8478
val,20,0,0,True,0.6341
val,21,0,0,True,0.4552
val,22,0,1,False,0.6347
val,23,0,0,True,0.6309
val,24,0,0,True,0.9094
val,25,0,0,True,0.8504
val,26,0,0,True,0.5142
val,27,0,0,True,0.6651
val,28,0,0,True,0.5488
val,29,0,0,True,0.7526
val,30,0,1,False,0.6619
val,31,0,0,True,0.6051
val,32,0,0,True,0.7184
val,33,0,1,False,0.5200
val,34,0,1,False,0.4758
val,35,0,0,True,0.5607
val,36,0,0,True,0.5017
val,37,0,0,True,0.3979
val,38,0,0,True,0.6471
val,39,0,0,True,0.5952
val,40,0,0,True,0.4459
val,41,0,0,True,0.8927
val,42,0,0,True,0.6526
val,43,0,0,True,0.4350
val,44,0,0,True,0.8292
val,45,0,0,True,0.5932
val,46,0,0,True,0.8463
val,47,0,2,False,0.5306
val,48,0,0,True,0.8458
val,49,0,0,True,0.6146
val,50,0,0,True,0.8948
val,51,0,0,True,0.8322
val,52,0,1,False,0.5511
val,53,0,1,False,0.4325
val,54,0,1,False,0.4884
val,55,0,0,True,0.3753
val,56,0,0,True,0.7183
val,57,0,0,True,0.7993
val,58,0,0,True,0.7863
val,59,0,0,True,0.8443
val,60,0,0,True,0.5975
val,61,0,2,False,0.4113
val,62,0,0,True,0.8485
val,63,0,0,True,0.8098
val,64,0,2,False,0.8220
val,65,0,0,True,0.8711
val,66,0,0,True,0.5955
val,67,0,0,True,0.7854
val,68,0,0,True,0.5929
val,69,0,0,True,0.4237
val,70,0,0,True,0.5872
val,71,0,0,True,0.7825
val,72,0,0,True,0.8830
val,73,0,0,True,0.8767
val,74,0,0,True,0.8613
val,75,0,0,True,0.8700
val,76,0,0,True,0.6601
val,77,0,1,False,0.5560
val,78,0,0,True,0.5015
val,79,0,0,True,0.7319
val,80,0,1,False,0.4704
val,81,0,0,True,0.8404
val,82,0,0,True,0.8800
val,83,0,0,True,0.7187
val,84,0,0,True,0.4568
val,85,0,0,True,0.7702
val,86,0,0,True,0.4654
val,87,0,2,False,0.5767
val,88,0,0,True,0.6266
val,89,0,0,True,0.4401
val,90,0,0,True,0.4748
val,91,0,0,True,0.8559
val,92,0,0,True,0.8097
val,93,0,0,True,0.5017
val,94,0,0,True,0.7008
val,95,0,2,False,0.4068
val,96,0,0,True,0.6397
val,97,0,0,True,0.6997
val,98,0,0,True,0.6326
val,99,0,0,True,0.9045
val,100,0,0,True,0.8234
val,101,0,0,True,0.8773
val,102,0,0,True,0.7964
val,103,0,0,True,0.8859
val,104,0,0,True,0.8939
val,105,0,0,True,0.7276
val,106,0,0,True,0.7444
val,107,0,1,False,0.5474
val,108,0,2,False,0.5946
val,109,0,1,False,0.4820
val,110,0,0,True,0.8864
val,111,0,0,True,0.8660
val,112,0,0,True,0.9192
val,113,0,0,True,0.9174
val,114,0,0,True,0.8379
val,115,0,0,True,0.8431
val,116,0,0,True,0.8558
val,117,0,0,True,0.8672
val,118,0,1,False,0.5760
val,119,0,0,True,0.5941
val,120,0,0,True,0.8245
val,121,0,0,True,0.8809
val,122,0,0,True,0.7070
val,123,0,1,False,0.6797
val,124,0,1,False,0.6211
val,125,0,0,True,0.6206
val,126,0,0,True,0.4925
val,127,0,0,True,0.7449
val,128,0,0,True,0.6713
val,129,0,1,False,0.5241
val,130,0,1,False,0.5971
val,131,0,0,True,0.6729
val,132,0,1,False,0.5021
val,133,0,0,True,0.5287
val,134,0,1,False,0.6835
val,135,0,0,True,0.8725
val,136,0,0,True,0.8476
val,137,0,0,True,0.8552
val,138,0,0,True,0.6660
val,139,0,0,True,0.8179
val,140,0,0,True,0.8618
val,141,0,0,True,0.7958
val,142,0,0,True,0.5485
val,143,0,0,True,0.8578
val,144,0,0,True,0.6416
val,145,0,1,False,0.4479
val,146,0,0,True,0.6217
val,147,0,2,False,0.8739
val,148,0,2,False,0.5013
val,149,0,0,True,0.6000
val,150,0,0,True,0.8051
val,151,0,0,True,0.9342
val,152,0,0,True,0.6816
val,153,0,0,True,0.7750
val,154,0,0,True,0.8339
val,155,0,0,True,0.8707
val,156,0,0,True,0.9028
val,157,0,0,True,0.8304
val,158,0,0,True,0.7366
val,159,0,0,True,0.7498
val,160,0,0,True,0.7264
val,161,0,0,True,0.7706
val,162,0,0,True,0.4696
val,163,0,0,True,0.8678
val,164,0,0,True,0.7854
val,165,0,0,True,0.7069
val,166,0,0,True,0.8232
val,167,0,0,True,0.8809
val,168,0,0,True,0.8197
val,169,0,0,True,0.6582
val,170,0,0,True,0.7065
val,171,0,0,True,0.8399
val,172,0,0,True,0.8690
val,173,0,0,True,0.8362
val,174,0,0,True,0.6937
val,175,0,1,False,0.5931
val,176,0,0,True,0.8802
val,177,0,0,True,0.8688
val,178,0,0,True,0.8997
val,179,0,0,True,0.8760
val,180,0,0,True,0.8665
val,181,0,0,True,0.8692
val,182,0,0,True,0.9100
val,183,0,0,True,0.8469
val,184,0,0,True,0.6430
val,185,0,0,True,0.8875
val,186,0,0,True,0.8188
val,187,0,2,False,0.7512
val,188,0,0,True,0.8248
val,189,0,0,True,0.7954
val,190,0,0,True,0.5135
val,191,0,0,True,0.9007
val,192,0,0,True,0.8936
val,193,0,0,True,0.5204
val,194,0,0,True,0.7858
val,195,0,0,True,0.5600
val,196,0,0,True,0.8133
val,197,0,0,True,0.8466
val,198,0,0,True,0.8326
val,199,0,0,True,0.7454
val,200,0,0,True,0.8155
val,201,0,1,False,0.4943
val,202,0,1,False,0.6666
val,203,0,0,True,0.8929
val,204,0,0,True,0.7839
val,205,0,0,True,0.7628
val,206,0,0,True,0.8879
val,207,0,0,True,0.8699
val,208,0,0,True,0.7447
val,209,0,1,False,0.5658
val,210,0,0,True,0.7155
val,211,0,0,True,0.3807
val,212,0,0,True,0.8946
val,213,0,0,True,0.8481
val,214,0,0,True,0.8882
val,215,0,0,True,0.8588
val,216,0,0,True,0.8103
val,217,0,0,True,0.5434
val,218,0,0,True,0.8345
val,219,0,0,True,0.8592
val,220,0,0,True,0.8518
val,221,0,0,True,0.7031
val,222,0,2,False,0.6381
val,223,0,0,True,0.5490
val,224,0,0,True,0.5389
val,225,0,0,True,0.4714
val,226,0,2,False,0.9199
val,227,0,0,True,0.9027
val,228,0,0,True,0.7771
val,229,0,0,True,0.8920
val,230,0,0,True,0.8817
val,231,0,0,True,0.8876
val,232,0,0,True,0.8329
val,233,0,0,True,0.8482
val,234,0,0,True,0.9087
val,235,0,0,True,0.7466
val,236,0,0,True,0.6388
val,237,0,1,False,0.5479
val,238,0,0,True,0.5626
val,239,0,0,True,0.8074
val,240,0,0,True,0.5750
val,241,0,0,True,0.7551
val,242,0,0,True,0.7958
val,243,0,0,True,0.8431
val,244,0,0,True,0.8666
val,245,0,0,True,0.8917
val,246,0,0,True,0.9120
val,247,0,0,True,0.8101
val,248,0,0,True,0.8256
val,249,0,0,True,0.6614
val,250,0,0,True,0.8964
val,251,0,0,True,0.8674
val,252,0,0,True,0.7136
val,253,0,0,True,0.7827
val,254,0,2,False,0.4561
val,255,0,2,False,0.8189
val,256,0,0,True,0.8485
val,257,0,0,True,0.6683
val,258,0,0,True,0.7419
val,259,0,0,True,0.6466
val,260,0,1,False,0.4923
val,261,0,0,True,0.8642
val,262,0,0,True,0.5703
val,263,0,0,True,0.8551
val,264,0,0,True,0.8685
val,265,0,0,True,0.8110
val,266,0,0,True,0.8439
val,267,0,0,True,0.8361
val,268,0,0,True,0.7556
val,269,0,0,True,0.5220
val,270,0,0,True,0.4944
val,271,0,0,True,0.4939
val,272,0,0,True,0.7061
val,273,0,0,True,0.8456
val,274,0,0,True,0.8899
val,275,0,1,False,0.4575
val,276,0,2,False,0.8395
val,277,0,0,True,0.8510
val,278,0,0,True,0.8131
val,279,0,0,True,0.8434
val,280,0,1,False,0.4188
val,281,0,1,False,0.6211
val,282,0,0,True,0.5686
val,283,0,0,True,0.7758
val,284,0,0,True,0.6880
val,285,0,0,True,0.7327
val,286,0,0,True,0.7550
val,287,0,0,True,0.7792
val,288,0,0,True,0.9020
val,289,0,0,True,0.8675
val,290,0,0,True,0.7976
val,291,0,0,True,0.5617
val,292,0,0,True,0.8388
val,293,0,0,True,0.6085
val,294,0,0,True,0.7939
val,295,0,0,True,0.4354
val,296,0,1,False,0.3319
val,297,0,0,True,0.8459
val,298,0,0,True,0.6466
val,299,0,0,True,0.8286
val,300,0,0,True,0.9205
val,301,0,0,True,0.8689
val,302,0,0,True,0.7138
val,303,0,0,True,0.7952
val,304,0,0,True,0.8771
val,305,0,0,True,0.8973
val,306,0,0,True,0.5343
val,307,0,2,False,0.8348
val,308,0,0,True,0.8019
val,309,0,0,True,0.5463
val,310,0,0,True,0.7105
val,311,0,0,True,0.5712
val,312,0,0,True,0.8996
val,313,0,0,True,0.8817
val,314,0,1,False,0.5900
val,315,0,0,True,0.7291
val,316,0,0,True,0.8682
val,317,0,0,True,0.6927
val,318,0,0,True,0.9116
val,319,0,0,True,0.8545
val,320,0,0,True,0.8162
val,321,0,0,True,0.5150
val,322,0,0,True,0.6547
val,323,0,0,True,0.8912
val,324,0,1,False,0.6492
val,325,0,0,True,0.8577
val,326,0,0,True,0.8788
val,327,0,1,False,0.6180
val,328,1,0,False,0.7846
val,329,1,0,False,0.5680
val,330,1,0,False,0.7460
val,331,1,1,True,0.4580
val,332,1,1,True,0.4253
val,333,1,0,False,0.6510
val,334,1,1,True,0.6324
val,335,1,1,True,0.4593
val,336,1,3,False,0.6240
val,337,1,1,True,0.5705
val,338,1,0,False,0.7012
val,339,1,1,True,0.4492
val,340,1,1,True,0.6328
val,341,1,2,False,0.5589
val,342,1,0,False,0.5930
val,343,1,0,False,0.4512
val,344,1,2,False,0.9496
val,345,1,1,True,0.4584
val,346,1,0,False,0.8002
val,347,1,0,False,0.8720
val,348,1,0,False,0.5452
val,349,1,0,False,0.7583
val,350,1,1,True,0.6054
val,351,1,0,False,0.5881
val,352,1,2,False,0.8785
val,353,1,1,True,0.4241
val,354,1,1,True,0.4563
val,355,1,1,True,0.5142
val,356,1,0,False,0.8034
val,357,1,2,False,0.3966
val,358,1,0,False,0.5238
val,359,1,0,False,0.4508
val,360,1,0,False,0.5163
val,361,1,0,False,0.7714
val,362,1,2,False,0.5262
val,363,1,1,True,0.5116
val,364,1,1,True,0.5724
val,365,1,1,True,0.4730
val,366,1,1,True,0.4755
val,367,1,2,False,0.5227
val,368,1,2,False,0.6837
val,369,1,1,True,0.4599
val,370,1,2,False,0.6013
val,371,1,0,False,0.8494
val,372,1,0,False,0.4350
val,373,1,1,True,0.4311
val,374,1,1,True,0.4127
val,375,1,0,False,0.8169
val,376,1,0,False,0.5527
val,377,1,3,False,0.6208
val,378,1,0,False,0.8842
val,379,1,0,False,0.6174
val,380,1,0,False,0.6551
val,381,1,1,True,0.5808
val,382,1,1,True,0.5372
val,383,1,0,False,0.5774
val,384,1,1,True,0.5511
val,385,1,1,True,0.4440
val,386,1,0,False,0.8676
val,387,1,1,True,0.5235
val,388,1,1,True,0.5486
val,389,1,2,False,0.8172
val,390,1,1,True,0.5170
val,391,1,2,False,0.5005
val,392,1,1,True,0.5409
val,393,1,2,False,0.6460
val,394,1,1,True,0.4175
val,395,1,1,True,0.4064
val,396,1,2,False,0.4788
val,397,1,1,True,0.4744
val,398,1,0,False,0.7047
val,399,1,1,True,0.4054
val,400,1,1,True,0.5344
val,401,1,2,False,0.8379
val,402,1,0,False,0.5312
val,403,1,0,False,0.4702
val,404,1,0,False,0.6895
val,405,1,0,False,0.7519
val,406,1,3,False,0.3656
val,407,1,0,False,0.6897
val,408,1,0,False,0.6004
val,409,1,0,False,0.7828
val,410,1,0,False,0.7127
val,411,1,0,False,0.9000
val,412,1,2,False,0.9379
val,413,1,1,True,0.4758
val,414,1,2,False,0.7161
val,415,1,0,False,0.5375
val,416,1,2,False,0.6456
val,417,1,2,False,0.9391
val,418,1,0,False,0.4596
val,419,1,0,False,0.8660
val,420,1,1,True,0.5032
val,421,1,2,False,0.5944
val,422,1,0,False,0.7510
val,423,1,0,False,0.5121
val,424,1,0,False,0.8476
val,425,1,2,False,0.7276
val,426,1,0,False,0.8848
val,427,1,1,True,0.4279
val,428,1,2,False,0.5585
val,429,1,2,False,0.7839
val,430,1,1,True,0.5550
val,431,1,2,False,0.5558
val,432,1,0,False,0.5854
val,433,1,2,False,0.5296
val,434,1,0,False,0.7646
val,435,1,0,False,0.5021
val,436,1,2,False,0.5003
val,437,1,1,True,0.5316
val,438,1,0,False,0.6113
val,439,1,2,False,0.5039
val,440,1,2,False,0.4118
val,441,1,1,True,0.5126
val,442,1,1,True,0.4073
val,443,1,1,True,0.3935
val,444,1,1,True,0.7013
val,445,1,0,False,0.5748
val,446,1,1,True,0.5659
val,447,1,1,True,0.4227
val,448,1,0,False,0.4839
val,449,1,1,True,0.5208
val,450,1,0,False,0.8183
val,451,1,1,True,0.5052
val,452,1,0,False,0.5039
val,453,1,2,False,0.9127
val,454,1,1,True,0.5604
val,455,1,1,True,0.4332
val,456,1,0,False,0.8828
val,457,1,1,True,0.4584
val,458,1,0,False,0.7889
val,459,1,0,False,0.8929
val,460,1,0,False,0.8984
val,461,1,0,False,0.8382
val,462,1,1,True,0.6663
val,463,1,0,False,0.8288
val,464,1,0,False,0.8196
val,465,1,1,True,0.6525
val,466,1,2,False,0.4992
val,467,1,0,False,0.7835
val,468,1,2,False,0.6646
val,469,1,0,False,0.7894
val,470,1,1,True,0.5543
val,471,1,0,False,0.8820
val,472,1,2,False,0.9558
val,473,1,2,False,0.4592
val,474,1,2,False,0.7092
val,475,1,0,False,0.7969
val,476,1,0,False,0.5668
val,477,1,1,True,0.5286
val,478,1,1,True,0.5087
val,479,1,1,True,0.3925
val,480,1,0,False,0.5655
val,481,2,2,True,0.6638
val,482,2,2,True,0.9197
val,483,2,2,True,0.8448
val,484,2,2,True,0.5199
val,485,2,0,False,0.6310
val,486,2,2,True,0.9593
val,487,2,2,True,0.9549
val,488,2,2,True,0.7221
val,489,2,2,True,0.6836
val,490,2,2,True,0.8802
val,491,2,1,False,0.4837
val,492,2,2,True,0.5941
val,493,2,0,False,0.4023
val,494,2,2,True,0.9738
val,495,2,2,True,0.9366
val,496,2,2,True,0.9220
val,497,2,3,False,0.6127
val,498,2,2,True,0.9080
val,499,2,2,True,0.7137
val,500,2,2,True,0.8246
val,501,2,2,True,0.8934
val,502,2,2,True,0.8010
val,503,2,2,True,0.9241
val,504,2,1,False,0.4795
val,505,2,2,True,0.9274
val,506,2,3,False,0.8726
val,507,2,2,True,0.7599
val,508,2,2,True,0.9737
val,509,2,0,False,0.4087
val,510,2,2,True,0.8995
val,511,2,2,True,0.9377
val,512,2,2,True,0.9633
val,513,2,0,False,0.8480
val,514,2,1,False,0.4970
val,515,2,1,False,0.4268
val,516,2,2,True,0.8677
val,517,2,1,False,0.5586
val,518,2,0,False,0.4475
val,519,2,2,True,0.6827
val,520,2,2,True,0.6781
val,521,2,2,True,0.9331
val,522,2,2,True,0.8680
val,523,2,0,False,0.6582
val,524,2,2,True,0.6484
val,525,2,2,True,0.3855
val,526,2,2,True,0.7529
val,527,2,2,True,0.4260
val,528,2,2,True,0.9842
val,529,2,2,True,0.9808
val,530,2,3,False,0.7795
val,531,2,2,True,0.4461
val,532,2,1,False,0.4985
val,533,2,2,True,0.9046
val,534,2,2,True,0.9764
val,535,2,1,False,0.4714
val,536,2,2,True,0.7888
val,537,2,2,True,0.9098
val,538,2,2,True,0.6934
val,539,2,2,True,0.6926
val,540,2,2,True,0.8783
val,541,2,2,True,0.9740
val,542,2,2,True,0.5789
val,543,2,2,True,0.9760
val,544,2,0,False,0.7573
val,545,2,1,False,0.4224
val,546,2,2,True,0.9605
val,547,2,1,False,0.4894
val,548,2,1,False,0.3848
val,549,2,2,True,0.7926
val,550,2,2,True,0.8891
val,551,2,2,True,0.8157
val,552,2,2,True,0.8396
val,553,2,2,True,0.6559
val,554,2,2,True,0.9215
val,555,2,2,True,0.8192
val,556,2,2,True,0.4283
val,557,2,1,False,0.5832
val,558,2,2,True,0.7936
val,559,2,2,True,0.7441
val,560,2,2,True,0.8444
val,561,2,2,True,0.6988
val,562,2,2,True,0.6250
val,563,2,2,True,0.7745
val,564,2,2,True,0.8427
val,565,2,2,True,0.6725
val,566,2,0,False,0.4609
val,567,2,2,True,0.6329
val,568,2,1,False,0.4199
val,569,2,2,True,0.6077
val,570,2,0,False,0.5392
val,571,2,1,False,0.5279
val,572,2,2,True,0.4615
val,573,2,2,True,0.8188
val,574,2,0,False,0.7644
val,575,2,1,False,0.8115
val,576,2,0,False,0.6321
val,577,2,2,True,0.9705
val,578,2,2,True,0.9673
val,579,2,2,True,0.5303
val,580,2,2,True,0.5868
val,581,2,2,True,0.4856
val,582,2,1,False,0.5906
val,583,2,1,False,0.4367
val,584,2,3,False,0.9557
val,585,2,1,False,0.5163
val,586,2,2,True,0.9530
val,587,2,2,True,0.8800
val,588,2,2,True,0.8034
val,589,2,1,False,0.6195
val,590,2,2,True,0.7416
val,591,2,2,True,0.6701
val,592,2,2,True,0.5013
val,593,2,1,False,0.4240
val,594,2,2,True,0.4893
val,595,2,0,False,0.4477
val,596,2,2,True,0.9458
val,597,2,2,True,0.8843
val,598,2,2,True,0.9353
val,599,2,2,True,0.8756
val,600,2,2,True,0.6446
val,601,2,0,False,0.7854
val,602,2,2,True,0.9218
val,603,2,2,True,0.9406
val,604,2,2,True,0.7859
val,605,2,2,True,0.9307
val,606,2,2,True,0.6877
val,607,2,2,True,0.9561
val,608,2,2,True,0.9289
val,609,2,2,True,0.8537
val,610,2,2,True,0.8497
val,611,2,2,True,0.5819
val,612,2,1,False,0.4864
val,613,2,0,False,0.5836
val,614,2,2,True,0.7003
val,615,2,2,True,0.9566
val,616,2,2,True,0.9719
val,617,2,1,False,0.4562
val,618,2,2,True,0.5352
val,619,2,2,True,0.9231
val,620,2,2,True,0.9654
val,621,2,2,True,0.9139
val,622,2,1,False,0.5022
val,623,2,1,False,0.4619
val,624,2,2,True,0.6765
val,625,2,2,True,0.7646
val,626,2,2,True,0.4670
val,627,2,2,True,0.6292
val,628,2,2,True,0.6384
val,629,2,2,True,0.6861
val,630,2,1,False,0.7108
val,631,2,2,True,0.5224
val,632,2,2,True,0.9601
val,633,2,2,True,0.6034
val,634,2,2,True,0.8694
val,635,2,0,False,0.3773
val,636,2,0,False,0.5059
val,637,2,2,True,0.6360
val,638,2,0,False,0.6688
val,639,2,2,True,0.6089
val,640,2,2,True,0.7818
val,641,2,2,True,0.9781
val,642,2,0,False,0.6830
val,643,2,2,True,0.5410
val,644,2,1,False,0.5076
val,645,2,2,True,0.9466
val,646,2,2,True,0.8645
val,647,2,2,True,0.8965
val,648,2,0,False,0.4735
val,649,2,2,True,0.5792
val,650,2,1,False,0.4728
val,651,2,1,False,0.5922
val,652,2,2,True,0.9318
val,653,2,0,False,0.8188
val,654,2,2,True,0.6563
val,655,2,2,True,0.8934
val,656,2,0,False,0.8115
val,657,2,2,True,0.9260
val,658,2,2,True,0.9261
val,659,2,2,True,0.7372
val,660,2,2,True,0.8479
val,661,2,0,False,0.7204
val,662,2,2,True,0.4233
val,663,2,0,False,0.4870
val,664,2,1,False,0.5285
val,665,2,2,True,0.9430
val,666,2,2,True,0.9336
val,667,2,1,False,0.5341
val,668,2,2,True,0.8365
val,669,2,2,True,0.6608
val,670,2,0,False,0.6922
val,671,2,2,True,0.4031
val,672,2,2,True,0.7075
val,673,2,1,False,0.4010
val,674,2,2,True,0.5674
val,675,2,1,False,0.5403
val,676,2,2,True,0.8272
val,677,2,1,False,0.4417
val,678,2,2,True,0.9257
val,679,2,1,False,0.4624
val,680,2,2,True,0.7698
val,681,2,2,True,0.4547
val,682,2,2,True,0.5952
val,683,2,2,True,0.7849
val,684,2,2,True,0.6616
val,685,2,1,False,0.5377
val,686,2,1,False,0.4754
val,687,2,2,True,0.9816
val,688,2,2,True,0.8165
val,689,2,2,True,0.8328
val,690,2,2,True,0.9288
val,691,2,2,True,0.5661
val,692,2,3,False,0.4810
val,693,3,3,True,0.8421
val,694,3,2,False,0.5289
val,695,3,3,True,0.8872
val,696,3,3,True,0.8589
val,697,3,2,False,0.9453
val,698,3,2,False,0.9316
val,699,3,3,True,0.5690
val,700,3,3,True,0.6908
val,701,3,3,True,0.7198
val,702,3,3,True,0.8944
val,703,3,3,True,0.8777
val,704,3,3,True,0.9362
val,705,3,2,False,0.5784
val,706,3,2,False,0.9648
val,707,3,2,False,0.7774
val,708,3,3,True,0.8139
val,709,3,3,True,0.5548
val,710,3,3,True,0.6535
val,711,3,3,True,0.9136
val,712,3,3,True,0.9210
val,713,3,3,True,0.7864
val,714,3,3,True,0.6696
val,715,3,2,False,0.7604
val,716,3,2,False,0.3751
val,717,3,3,True,0.9353
val,718,3,3,True,0.5094
val,719,3,3,True,0.8636
val,720,3,2,False,0.6043
val,721,3,3,True,0.9197
val,722,3,3,True,0.8313
val,723,3,3,True,0.9091
val,724,3,3,True,0.9041
val,725,3,3,True,0.7978
val,726,3,3,True,0.6017
val,727,3,2,False,0.6446
val,728,3,2,False,0.8860
val,729,3,3,True,0.6907
val,730,3,2,False,0.8374
val,731,3,3,True,0.7154
val,732,3,3,True,0.9331
val,733,3,2,False,0.7473
val,734,3,2,False,0.5199
val,735,3,3,True,0.8925
val,736,3,3,True,0.9379
val,737,3,3,True,0.7303
val,738,3,3,True,0.9298
val,739,3,3,True,0.9493
val,740,3,1,False,0.4887
val,741,3,2,False,0.7194
val,742,3,3,True,0.7509
val,743,3,3,True,0.6990
val,744,3,3,True,0.7567
val,745,3,3,True,0.6809
val,746,3,3,True,0.7144
val,747,3,3,True,0.7383
val,748,3,3,True,0.8746
val,749,3,3,True,0.8918
val,750,3,3,True,0.8532
val,751,3,3,True,0.6385
val,752,3,3,True,0.9495
val,753,3,3,True,0.9211
val,754,3,1,False,0.4999
val,755,3,3,True,0.8023
val,756,3,3,True,0.9306
val,757,3,3,True,0.9635
val,758,3,3,True,0.9416
val,759,3,3,True,0.8514
val,760,3,2,False,0.8609
val,761,3,3,True,0.7275
val,762,3,3,True,0.7116
val,763,3,3,True,0.7568
val,764,3,3,True,0.9187
val,765,3,3,True,0.9366
val,766,3,2,False,0.6190
val,767,3,2,False,0.6794
val,768,3,2,False,0.8550
val,769,3,3,True,0.9373
val,770,3,3,True,0.8431
val,771,3,3,True,0.9495
val,772,3,3,True,0.6346
val,773,3,3,True,0.9100
val,774,3,3,True,0.9455
val,775,3,3,True,0.5845
val,776,3,3,True,0.9194
val,777,3,1,False,0.5138
val,778,3,2,False,0.9345
val,779,3,2,False,0.4890
val,780,3,3,True,0.9498
val,781,3,3,True,0.9551
val,782,3,3,True,0.8511
val,783,3,3,True,0.9294
val,784,3,3,True,0.6880
val,785,3,2,False,0.7308
val,786,3,2,False,0.7174
val,787,3,3,True,0.8074
val,788,3,2,False,0.8610
val,789,3,3,True,0.9223
val,790,3,2,False,0.7433
val,791,3,2,False,0.5105
val,792,3,3,True,0.7916
val,793,3,3,True,0.8817
val,794,3,2,False,0.4438
val,795,3,3,True,0.7309
val,796,3,2,False,0.9373
val,797,3,3,True,0.7252
val,798,3,3,True,0.6641
val,799,4,4,True,0.8135
val,800,4,4,True,0.9179
val,801,4,4,True,0.9318
val,802,4,4,True,0.8937
val,803,4,4,True,0.8789
val,804,4,3,False,0.8987
val,805,4,4,True,0.9137
val,806,4,3,False,0.9246
val,807,4,4,True,0.9083
val,808,4,4,True,0.8860
val,809,4,4,True,0.9038
val,810,4,4,True,0.8400
val,811,4,4,True,0.5598
val,812,4,4,True,0.9037
val,813,4,3,False,0.9372
val,814,4,4,True,0.9216
val,815,4,4,True,0.8052
val,816,4,3,False,0.8089
val,817,4,4,True,0.9141
val,818,4,4,True,0.9055
val,819,4,4,True,0.6105
val,820,4,4,True,0.7752
val,821,4,3,False,0.5319
val,822,4,4,True,0.8776
val,823,4,4,True,0.9424
val,824,4,4,True,0.8902
val,825,4,4,True,0.9149
test,0,0,0,True,0.8681
test,1,0,0,True,0.8467
test,2,0,0,True,0.8425
test,3,0,0,True,0.8337
test,4,0,0,True,0.7523
test,5,0,0,True,0.4000
test,6,0,0,True,0.8006
test,7,0,0,True,0.8151
test,8,0,0,True,0.6524
test,9,0,0,True,0.7793
test,10,0,0,True,0.4976
test,11,0,0,True,0.8701
test,12,0,0,True,0.7432
test,13,0,0,True,0.7921
test,14,0,0,True,0.7173
test,15,0,0,True,0.7709
test,16,0,2,False,0.6949
test,17,0,0,True,0.8179
test,18,0,1,False,0.4702
test,19,0,0,True,0.8568
test,20,0,0,True,0.7786
test,21,0,0,True,0.9095
test,22,0,0,True,0.6986
test,23,0,1,False,0.4060
test,24,0,0,True,0.7337
test,25,0,0,True,0.6611
test,26,0,0,True,0.5939
test,27,0,0,True,0.8391
test,28,0,0,True,0.7961
test,29,0,0,True,0.7764
test,30,0,1,False,0.5722
test,31,0,1,False,0.5876
test,32,0,1,False,0.4962
test,33,0,0,True,0.5700
test,34,0,2,False,0.5053
test,35,0,0,True,0.5096
test,36,0,0,True,0.5934
test,37,0,0,True,0.7820
test,38,0,0,True,0.6816
test,39,0,1,False,0.6427
test,40,0,0,True,0.7739
test,41,0,0,True,0.5023
test,42,0,0,True,0.3406
test,43,0,0,True,0.6800
test,44,0,0,True,0.6497
test,45,0,0,True,0.9103
test,46,0,0,True,0.8846
test,47,0,0,True,0.7789
test,48,0,1,False,0.6675
test,49,0,0,True,0.8831
test,50,0,0,True,0.7230
test,51,0,0,True,0.7969
test,52,0,0,True,0.7551
test,53,0,2,False,0.6185
test,54,0,0,True,0.8576
test,55,0,1,False,0.4906
test,56,0,1,False,0.5672
test,57,0,0,True,0.7200
test,58,0,0,True,0.8299
test,59,0,0,True,0.8723
test,60,0,0,True,0.8653
test,61,0,0,True,0.8228
test,62,0,0,True,0.7640
test,63,0,0,True,0.8567
test,64,0,0,True,0.8642
test,65,0,0,True,0.8973
test,66,0,0,True,0.6683
test,67,0,0,True,0.7202
test,68,0,0,True,0.8878
test,69,0,0,True,0.7106
test,70,0,1,False,0.5153
test,71,0,1,False,0.4823
test,72,0,0,True,0.5176
test,73,0,0,True,0.7754
test,74,0,2,False,0.3706
test,75,0,0,True,0.4714
test,76,0,0,True,0.5995
test,77,0,0,True,0.8914
test,78,0,0,True,0.8602
test,79,0,0,True,0.6498
test,80,0,0,True,0.8980
test,81,0,0,True,0.8171
test,82,0,0,True,0.7794
test,83,0,0,True,0.7485
test,84,0,2,False,0.6436
test,85,0,0,True,0.6810
test,86,0,0,True,0.8957
test,87,0,0,True,0.7614
test,88,0,0,True,0.7072
test,89,0,0,True,0.8603
test,90,0,0,True,0.7704
test,91,0,0,True,0.8807
test,92,0,0,True,0.8836
test,93,0,0,True,0.8413
test,94,0,2,False,0.6627
test,95,0,0,True,0.8864
test,96,0,0,True,0.7828
test,97,0,0,True,0.8042
test,98,0,0,True,0.8924
test,99,0,0,True,0.8256
test,100,0,0,True,0.8474
test,101,0,0,True,0.9102
test,102,0,0,True,0.8951
test,103,0,0,True,0.8740
test,104,0,0,True,0.8568
test,105,0,0,True,0.7939
test,106,0,0,True,0.8830
test,107,0,0,True,0.7932
test,108,0,0,True,0.7358
test,109,0,1,False,0.3638
test,110,0,0,True,0.5928
test,111,0,0,True,0.6781
test,112,0,2,False,0.5866
test,113,0,0,True,0.4672
test,114,0,0,True,0.6232
test,115,0,1,False,0.5835
test,116,0,0,True,0.7293
test,117,0,2,False,0.5520
test,118,0,0,True,0.8955
test,119,0,0,True,0.6387
test,120,0,0,True,0.8969
test,121,0,0,True,0.7783
test,122,0,0,True,0.8654
test,123,0,0,True,0.8158
test,124,0,0,True,0.8183
test,125,0,0,True,0.6781
test,126,0,0,True,0.4769
test,127,0,0,True,0.8403
test,128,0,0,True,0.9018
test,129,0,0,True,0.8544
test,130,0,0,True,0.5846
test,131,0,0,True,0.7040
test,132,0,0,True,0.8800
test,133,0,0,True,0.8802
test,134,0,0,True,0.5493
test,135,0,0,True,0.8971
test,136,0,0,True,0.8772
test,137,0,0,True,0.8477
test,138,0,0,True,0.8016
test,139,0,0,True,0.8588
test,140,0,0,True,0.7338
test,141,0,0,True,0.8890
test,142,0,0,True,0.8459
test,143,0,1,False,0.4243
test,144,0,0,True,0.7619
test,145,0,0,True,0.5403
test,146,0,0,True,0.7198
test,147,0,0,True,0.6282
test,148,0,0,True,0.7375
test,149,0,0,True,0.6861
test,150,0,0,True,0.8321
test,151,0,0,True,0.6884
test,152,0,1,False,0.6148
test,153,0,0,True,0.8708
test,154,0,0,True,0.8677
test,155,0,0,True,0.7972
test,156,0,0,True,0.4380
test,157,0,0,True,0.6167
test,158,0,0,True,0.8353
test,159,0,0,True,0.8529
test,160,0,0,True,0.8003
test,161,0,1,False,0.5527
test,162,0,2,False,0.5986
test,163,0,0,True,0.8227
test,164,0,0,True,0.8718
test,165,0,0,True,0.8293
test,166,0,1,False,0.3405
test,167,0,0,True,0.6069
test,168,0,1,False,0.5994
test,169,0,0,True,0.8766
test,170,0,0,True,0.8765
test,171,0,0,True,0.8368
test,172,0,0,True,0.8978
test,173,0,0,True,0.8759
test,174,0,0,True,0.9142
test,175,0,0,True,0.8504
test,176,0,0,True,0.8631
test,177,0,1,False,0.5253
test,178,0,0,True,0.8415
test,179,0,0,True,0.8428
test,180,0,0,True,0.7740
test,181,0,2,False,0.7651
test,182,0,0,True,0.8006
test,183,0,0,True,0.7488
test,184,0,0,True,0.7934
test,185,0,0,True,0.8858
test,186,0,0,True,0.8537
test,187,0,0,True,0.8698
test,188,0,0,True,0.8616
test,189,0,0,True,0.7535
test,190,0,0,True,0.8136
test,191,0,0,True,0.8268
test,192,0,0,True,0.6776
test,193,0,2,False,0.6747
test,194,0,0,True,0.8547
test,195,0,0,True,0.7692
test,196,0,0,True,0.8717
test,197,0,1,False,0.4296
test,198,0,0,True,0.7814
test,199,0,0,True,0.7534
test,200,0,0,True,0.8435
test,201,0,1,False,0.6191
test,202,0,0,True,0.9261
test,203,0,0,True,0.8627
test,204,0,0,True,0.8930
test,205,0,0,True,0.5222
test,206,0,0,True,0.9169
test,207,0,0,True,0.7729
test,208,0,0,True,0.8942
test,209,0,0,True,0.8460
test,210,0,0,True,0.8521
test,211,0,0,True,0.8016
test,212,0,0,True,0.8338
test,213,0,0,True,0.9070
test,214,0,0,True,0.7991
test,215,0,0,True,0.8541
test,216,0,0,True,0.8851
test,217,0,0,True,0.7944
test,218,0,0,True,0.4610
test,219,0,0,True,0.8779
test,220,0,0,True,0.8473
test,221,0,0,True,0.9161
test,222,0,0,True,0.9005
test,223,0,0,True,0.8741
test,224,0,0,True,0.8121
test,225,0,0,True,0.7962
test,226,0,0,True,0.8149
test,227,0,0,True,0.5832
test,228,0,0,True,0.9000
test,229,0,0,True,0.6617
test,230,0,0,True,0.7677
test,231,0,0,True,0.8236
test,232,0,0,True,0.9145
test,233,0,0,True,0.8012
test,234,0,0,True,0.8608
test,235,0,0,True,0.3478
test,236,0,0,True,0.6553
test,237,0,0,True,0.4977
test,238,0,0,True,0.6392
test,239,0,0,True,0.7751
test,240,0,0,True,0.8895
test,241,0,0,True,0.8573
test,242,0,0,True,0.8753
test,243,0,0,True,0.8043
test,244,0,0,True,0.8679
test,245,0,0,True,0.6746
test,246,0,0,True,0.8158
test,247,0,0,True,0.8533
test,248,0,0,True,0.8188
test,249,0,0,True,0.7572
test,250,0,0,True,0.8599
test,251,0,0,True,0.7944
test,252,0,2,False,0.8912
test,253,0,0,True,0.8495
test,254,0,0,True,0.6932
test,255,0,0,True,0.8776
test,256,0,0,True,0.5757
test,257,0,0,True,0.7126
test,258,0,0,True,0.9175
test,259,0,0,True,0.8732
test,260,0,0,True,0.8605
test,261,0,0,True,0.7680
test,262,0,2,False,0.9142
test,263,0,0,True,0.4726
test,264,0,0,True,0.5996
test,265,0,0,True,0.8516
test,266,0,0,True,0.4707
test,267,0,0,True,0.8726
test,268,0,0,True,0.8783
test,269,0,0,True,0.7693
test,270,0,0,True,0.7016
test,271,0,0,True,0.8776
test,272,0,0,True,0.8858
test,273,0,0,True,0.8509
test,274,0,0,True,0.8200
test,275,0,0,True,0.7479
test,276,0,0,True,0.8054
test,277,0,1,False,0.5612
test,278,0,0,True,0.8979
test,279,0,0,True,0.7362
test,280,0,0,True,0.9080
test,281,0,0,True,0.6120
test,282,0,0,True,0.5801
test,283,0,0,True,0.7718
test,284,0,0,True,0.7777
test,285,0,0,True,0.8788
test,286,0,0,True,0.4612
test,287,0,0,True,0.8275
test,288,0,0,True,0.4574
test,289,0,0,True,0.8125
test,290,0,0,True,0.7990
test,291,0,2,False,0.6504
test,292,0,0,True,0.7998
test,293,0,1,False,0.4762
test,294,0,0,True,0.7655
test,295,0,0,True,0.6321
test,296,0,0,True,0.9028
test,297,0,0,True,0.8642
test,298,0,0,True,0.7748
test,299,0,1,False,0.5358
test,300,0,0,True,0.8275
test,301,0,0,True,0.7182
test,302,0,0,True,0.5513
test,303,0,0,True,0.9024
test,304,0,1,False,0.5104
test,305,0,0,True,0.8357
test,306,0,0,True,0.8039
test,307,0,0,True,0.4909
test,308,0,0,True,0.8649
test,309,0,0,True,0.8341
test,310,0,0,True,0.7050
test,311,0,0,True,0.8190
test,312,0,0,True,0.4566
test,313,0,0,True,0.8547
test,314,0,0,True,0.7703
test,315,0,2,False,0.6570
test,316,0,0,True,0.5859
test,317,0,0,True,0.7135
test,318,0,0,True,0.7130
test,319,0,2,False,0.7469
test,320,0,0,True,0.8544
test,321,0,1,False,0.5745
test,322,0,0,True,0.4799
test,323,0,0,True,0.8348
test,324,0,0,True,0.7535
test,325,0,1,False,0.6011
test,326,0,1,False,0.4102
test,327,0,0,True,0.5711
test,328,0,0,True,0.8077
test,329,0,0,True,0.8869
test,330,0,0,True,0.8373
test,331,0,0,True,0.8741
test,332,0,0,True,0.7389
test,333,0,1,False,0.6484
test,334,0,0,True,0.8354
test,335,0,1,False,0.6040
test,336,0,0,True,0.8983
test,337,0,0,True,0.8616
test,338,0,1,False,0.5238
test,339,0,0,True,0.7753
test,340,0,0,True,0.6424
test,341,0,0,True,0.8423
test,342,0,0,True,0.8502
test,343,0,0,True,0.4277
test,344,0,0,True,0.7320
test,345,0,0,True,0.8197
test,346,0,1,False,0.5171
test,347,0,1,False,0.4677
test,348,0,0,True,0.7288
test,349,0,0,True,0.5787
test,350,0,0,True,0.7136
test,351,0,0,True,0.7653
test,352,0,1,False,0.5147
test,353,0,0,True,0.7260
test,354,0,1,False,0.3987
test,355,0,1,False,0.4673
test,356,0,0,True,0.6940
test,357,0,0,True,0.9034
test,358,0,0,True,0.8725
test,359,0,0,True,0.8029
test,360,0,0,True,0.5772
test,361,0,0,True,0.4629
test,362,0,0,True,0.7886
test,363,0,0,True,0.8056
test,364,0,0,True,0.5200
test,365,0,0,True,0.8916
test,366,0,0,True,0.7366
test,367,0,0,True,0.6641
test,368,0,0,True,0.6050
test,369,0,0,True,0.8027
test,370,0,0,True,0.8630
test,371,0,0,True,0.6789
test,372,0,0,True,0.4001
test,373,0,0,True,0.7318
test,374,0,0,True,0.9006
test,375,0,0,True,0.8987
test,376,0,0,True,0.5853
test,377,0,0,True,0.8602
test,378,0,0,True,0.6132
test,379,0,0,True,0.8769
test,380,0,0,True,0.4476
test,381,0,1,False,0.4405
test,382,0,0,True,0.8595
test,383,0,0,True,0.5198
test,384,0,0,True,0.8360
test,385,0,0,True,0.8266
test,386,0,0,True,0.5785
test,387,0,0,True,0.7506
test,388,0,0,True,0.8122
test,389,0,0,True,0.8714
test,390,0,0,True,0.7815
test,391,0,0,True,0.6786
test,392,0,0,True,0.3832
test,393,0,2,False,0.7338
test,394,0,0,True,0.5787
test,395,0,0,True,0.7062
test,396,0,0,True,0.7990
test,397,0,0,True,0.8680
test,398,0,1,False,0.5839
test,399,0,0,True,0.5828
test,400,0,0,True,0.8396
test,401,0,0,True,0.9219
test,402,0,0,True,0.8642
test,403,0,0,True,0.8797
test,404,0,0,True,0.8728
test,405,0,0,True,0.8147
test,406,0,0,True,0.7677
test,407,0,0,True,0.8801
test,408,0,1,False,0.4702
test,409,0,2,False,0.4680
test,410,0,0,True,0.7421
test,411,0,0,True,0.8969
test,412,0,0,True,0.8629
test,413,0,0,True,0.9031
test,414,0,0,True,0.8675
test,415,0,0,True,0.7205
test,416,0,0,True,0.8646
test,417,0,0,True,0.6155
test,418,0,0,True,0.6888
test,419,0,0,True,0.8697
test,420,0,0,True,0.8480
test,421,0,0,True,0.8478
test,422,0,0,True,0.7300
test,423,0,0,True,0.4916
test,424,0,0,True,0.8750
test,425,0,0,True,0.6073
test,426,0,1,False,0.4499
test,427,0,1,False,0.3517
test,428,0,0,True,0.8824
test,429,0,0,True,0.9000
test,430,0,0,True,0.5061
test,431,0,0,True,0.6888
test,432,0,0,True,0.8626
test,433,0,0,True,0.7081
test,434,0,0,True,0.7527
test,435,0,1,False,0.5325
test,436,0,0,True,0.8520
test,437,0,0,True,0.5252
test,438,0,0,True,0.7378
test,439,0,0,True,0.6616
test,440,0,0,True,0.7354
test,441,0,0,True,0.8188
test,442,0,0,True,0.8829
test,443,0,0,True,0.9084
test,444,0,0,True,0.8707
test,445,0,0,True,0.7663
test,446,0,0,True,0.6500
test,447,0,0,True,0.8532
test,448,0,0,True,0.5926
test,449,0,0,True,0.7656
test,450,0,0,True,0.7839
test,451,0,1,False,0.4647
test,452,0,0,True,0.8446
test,453,0,0,True,0.6307
test,454,0,0,True,0.8473
test,455,0,1,False,0.4225
test,456,0,1,False,0.4042
test,457,0,0,True,0.9045
test,458,0,0,True,0.8858
test,459,0,0,True,0.8596
test,460,0,0,True,0.4575
test,461,0,0,True,0.5116
test,462,0,0,True,0.7094
test,463,0,0,True,0.8014
test,464,0,0,True,0.8753
test,465,0,0,True,0.8843
test,466,0,0,True,0.8926
test,467,0,0,True,0.8007
test,468,0,0,True,0.6544
test,469,0,0,True,0.8968
test,470,0,0,True,0.8787
test,471,0,2,False,0.4773
test,472,0,0,True,0.8080
test,473,0,0,True,0.6305
test,474,0,0,True,0.6886
test,475,0,0,True,0.8982
test,476,0,0,True,0.6707
test,477,0,0,True,0.7297
test,478,0,1,False,0.4212
test,479,0,0,True,0.8600
test,480,0,0,True,0.7174
test,481,0,0,True,0.6390
test,482,0,0,True,0.8513
test,483,0,0,True,0.7239
test,484,0,0,True,0.8960
test,485,0,0,True,0.8527
test,486,0,1,False,0.4976
test,487,0,0,True,0.8042
test,488,0,0,True,0.7988
test,489,0,0,True,0.8551
test,490,0,0,True,0.8378
test,491,0,0,True,0.5640
test,492,0,0,True,0.8196
test,493,0,0,True,0.8933
test,494,0,0,True,0.8402
test,495,0,0,True,0.8832
test,496,0,0,True,0.7517
test,497,0,0,True,0.7479
test,498,0,0,True,0.8860
test,499,0,0,True,0.7536
test,500,0,0,True,0.8338
test,501,0,0,True,0.7773
test,502,0,0,True,0.7772
test,503,0,0,True,0.8785
test,504,0,0,True,0.8645
test,505,0,0,True,0.5679
test,506,0,0,True,0.7318
test,507,0,0,True,0.7202
test,508,0,1,False,0.3857
test,509,0,0,True,0.8402
test,510,0,0,True,0.8949
test,511,0,0,True,0.6638
test,512,0,0,True,0.8152
test,513,0,0,True,0.8412
test,514,0,0,True,0.7447
test,515,0,0,True,0.6735
test,516,0,0,True,0.7745
test,517,0,0,True,0.8679
test,518,0,0,True,0.8676
test,519,0,0,True,0.7360
test,520,0,1,False,0.5896
test,521,0,0,True,0.8851
test,522,0,0,True,0.8898
test,523,0,0,True,0.8551
test,524,0,0,True,0.7790
test,525,0,0,True,0.8942
test,526,0,1,False,0.4982
test,527,0,0,True,0.8125
test,528,0,0,True,0.7957
test,529,0,0,True,0.8806
test,530,0,1,False,0.4396
test,531,0,0,True,0.5376
test,532,0,0,True,0.7886
test,533,0,0,True,0.7229
test,534,0,0,True,0.6636
test,535,0,0,True,0.6464
test,536,0,1,False,0.6676
test,537,0,1,False,0.4846
test,538,0,0,True,0.9024
test,539,0,0,True,0.5087
test,540,0,0,True,0.8339
test,541,0,0,True,0.7641
test,542,0,0,True,0.6166
test,543,0,0,True,0.5708
test,544,0,0,True,0.9018
test,545,0,0,True,0.5281
test,546,0,0,True,0.8154
test,547,0,0,True,0.7479
test,548,0,0,True,0.8675
test,549,0,0,True,0.8133
test,550,0,0,True,0.8024
test,551,0,1,False,0.5911
test,552,0,0,True,0.8564
test,553,0,0,True,0.8322
test,554,0,0,True,0.9045
test,555,0,0,True,0.8453
test,556,0,0,True,0.7902
test,557,0,0,True,0.7922
test,558,0,0,True,0.7235
test,559,0,1,False,0.5402
test,560,0,0,True,0.9105
test,561,0,0,True,0.7258
test,562,0,0,True,0.8704
test,563,0,0,True,0.7673
test,564,0,0,True,0.6645
test,565,0,0,True,0.7581
test,566,0,0,True,0.9055
test,567,0,0,True,0.8316
test,568,0,0,True,0.7191
test,569,0,0,True,0.7684
test,570,0,0,True,0.8819
test,571,0,0,True,0.8205
test,572,0,1,False,0.5741
test,573,0,0,True,0.8766
test,574,0,0,True,0.8357
test,575,0,0,True,0.6823
test,576,0,0,True,0.8838
test,577,0,0,True,0.8616
test,578,0,0,True,0.7282
test,579,0,0,True,0.6270
test,580,0,1,False,0.6019
test,581,0,0,True,0.6450
test,582,0,0,True,0.6079
test,583,0,0,True,0.8530
test,584,0,0,True,0.6627
test,585,0,0,True,0.8154
test,586,0,2,False,0.7302
test,587,0,0,True,0.8781
test,588,0,0,True,0.8182
test,589,0,0,True,0.7435
test,590,0,0,True,0.8181
test,591,0,0,True,0.8528
test,592,0,0,True,0.7766
test,593,0,0,True,0.9161
test,594,0,2,False,0.6255
test,595,0,2,False,0.8025
test,596,0,0,True,0.8431
test,597,0,0,True,0.7753
test,598,0,0,True,0.5271
test,599,0,1,False,0.5146
test,600,0,0,True,0.9156
test,601,0,0,True,0.9048
test,602,0,0,True,0.8810
test,603,0,0,True,0.8572
test,604,0,0,True,0.8088
test,605,0,1,False,0.4970
test,606,0,0,True,0.4959
test,607,0,0,True,0.6708
test,608,0,1,False,0.4782
test,609,0,0,True,0.9023
test,610,0,1,False,0.5868
test,611,0,0,True,0.8095
test,612,0,0,True,0.5349
test,613,0,0,True,0.8524
test,614,0,0,True,0.8569
test,615,0,2,False,0.6146
test,616,0,0,True,0.7540
test,617,0,0,True,0.7983
test,618,0,0,True,0.8801
test,619,0,0,True,0.7691
test,620,0,0,True,0.3693
test,621,0,0,True,0.8986
test,622,0,0,True,0.7935
test,623,0,0,True,0.8034
test,624,0,0,True,0.7251
test,625,0,0,True,0.5887
test,626,0,0,True,0.7303
test,627,0,0,True,0.8235
test,628,0,0,True,0.7779
test,629,0,1,False,0.4909
test,630,0,0,True,0.7189
test,631,0,0,True,0.8703
test,632,0,0,True,0.8939
test,633,0,0,True,0.8699
test,634,0,1,False,0.4263
test,635,0,2,False,0.5609
test,636,0,0,True,0.8192
test,637,0,0,True,0.5307
test,638,0,0,True,0.9003
test,639,1,0,False,0.8198
test,640,1,0,False,0.6865
test,641,1,2,False,0.4572
test,642,1,0,False,0.5891
test,643,1,1,True,0.4450
test,644,1,1,True,0.5821
test,645,1,2,False,0.8960
test,646,1,0,False,0.8046
test,647,1,0,False,0.8594
test,648,1,0,False,0.6891
test,649,1,0,False,0.4429
test,650,1,0,False,0.6756
test,651,1,2,False,0.7258
test,652,1,0,False,0.8111
test,653,1,1,True,0.6175
test,654,1,2,False,0.7772
test,655,1,1,True,0.4447
test,656,1,2,False,0.8201
test,657,1,2,False,0.8380
test,658,1,1,True,0.5463
test,659,1,2,False,0.5641
test,660,1,1,True,0.4894
test,661,1,2,False,0.8996
test,662,1,0,False,0.6588
test,663,1,2,False,0.5257
test,664,1,1,True,0.4822
test,665,1,0,False,0.5905
test,666,1,1,True,0.4817
test,667,1,0,False,0.7163
test,668,1,0,False,0.4899
test,669,1,1,True,0.4740
test,670,1,0,False,0.6199
test,671,1,0,False,0.8230
test,672,1,1,True,0.4230
test,673,1,0,False,0.7878
test,674,1,0,False,0.8277
test,675,1,0,False,0.8054
test,676,1,0,False,0.6495
test,677,1,2,False,0.6746
test,678,1,2,False,0.6657
test,679,1,3,False,0.4594
test,680,1,0,False,0.7377
test,681,1,0,False,0.7658
test,682,1,0,False,0.3501
test,683,1,2,False,0.6334
test,684,1,1,True,0.4856
test,685,1,1,True,0.5343
test,686,1,0,False,0.5238
test,687,1,2,False,0.6840
test,688,1,2,False,0.6371
test,689,1,1,True,0.4639
test,690,1,1,True,0.6285
test,691,1,1,True,0.4960
test,692,1,2,False,0.4051
test,693,1,0,False,0.5369
test,694,1,0,False,0.5800
test,695,1,2,False,0.5961
test,696,1,0,False,0.7904
test,697,1,0,False,0.8678
test,698,1,0,False,0.8041
test,699,1,0,False,0.8390
test,700,1,0,False,0.6737
test,701,1,2,False,0.4149
test,702,1,2,False,0.5652
test,703,1,2,False,0.4774
test,704,1,1,True,0.4706
test,705,1,0,False,0.6363
test,706,1,1,True,0.4991
test,707,1,1,True,0.4698
test,708,1,0,False,0.7405
test,709,1,0,False,0.6499
test,710,1,2,False,0.4750
test,711,1,0,False,0.4307
test,712,1,2,False,0.8742
test,713,1,1,True,0.5341
test,714,1,2,False,0.9202
test,715,1,1,True,0.5138
test,716,1,1,True,0.4725
test,717,1,1,True,0.4998
test,718,1,0,False,0.8468
test,719,1,0,False,0.8284
test,720,1,0,False,0.8663
test,721,1,2,False,0.7835
test,722,1,1,True,0.4734
test,723,1,1,True,0.5495
test,724,1,1,True,0.6993
test,725,1,0,False,0.8282
test,726,1,0,False,0.5146
test,727,1,0,False,0.6930
test,728,1,2,False,0.3648
test,729,1,2,False,0.5909
test,730,1,0,False,0.8823
test,731,1,0,False,0.7488
test,732,1,2,False,0.6384
test,733,1,2,False,0.7355
test,734,1,0,False,0.7378
test,735,1,0,False,0.8117
test,736,1,1,True,0.4836
test,737,1,2,False,0.9455
test,738,1,0,False,0.5089
test,739,1,0,False,0.8409
test,740,1,0,False,0.5138
test,741,1,0,False,0.5855
test,742,1,1,True,0.4929
test,743,1,2,False,0.5790
test,744,1,1,True,0.4248
test,745,1,1,True,0.5096
test,746,1,0,False,0.8833
test,747,1,2,False,0.5760
test,748,1,2,False,0.6466
test,749,1,0,False,0.3803
test,750,1,0,False,0.7467
test,751,1,1,True,0.4732
test,752,1,0,False,0.8313
test,753,1,0,False,0.6389
test,754,1,0,False,0.3665
test,755,1,1,True,0.4233
test,756,1,0,False,0.7052
test,757,1,0,False,0.6248
test,758,1,2,False,0.6304
test,759,1,0,False,0.7289
test,760,1,0,False,0.4267
test,761,1,1,True,0.3730
test,762,1,0,False,0.8893
test,763,1,1,True,0.4607
test,764,1,0,False,0.6018
test,765,1,0,False,0.8213
test,766,1,1,True,0.5224
test,767,1,0,False,0.7822
test,768,1,1,True,0.4949
test,769,1,0,False,0.5928
test,770,1,0,False,0.8835
test,771,1,2,False,0.5200
test,772,1,0,False,0.7571
test,773,1,1,True,0.6227
test,774,1,0,False,0.7713
test,775,1,0,False,0.6269
test,776,1,1,True,0.4876
test,777,1,0,False,0.6539
test,778,1,0,False,0.6342
test,779,1,0,False,0.7885
test,780,1,0,False,0.7760
test,781,1,0,False,0.8049
test,782,1,0,False,0.4924
test,783,1,1,True,0.5361
test,784,1,1,True,0.4257
test,785,1,0,False,0.8200
test,786,1,0,False,0.5520
test,787,1,0,False,0.6373
test,788,1,1,True,0.3548
test,789,1,2,False,0.6220
test,790,1,1,True,0.5451
test,791,1,0,False,0.7907
test,792,1,2,False,0.6548
test,793,1,1,True,0.4486
test,794,1,1,True,0.5849
test,795,1,2,False,0.9111
test,796,1,1,True,0.6049
test,797,1,0,False,0.4713
test,798,1,0,False,0.7389
test,799,1,1,True,0.4702
test,800,1,0,False,0.5981
test,801,1,0,False,0.6322
test,802,1,3,False,0.4122
test,803,1,2,False,0.9041
test,804,1,2,False,0.8129
test,805,1,1,True,0.6879
test,806,1,0,False,0.8366
test,807,1,1,True,0.4845
test,808,1,0,False,0.4808
test,809,1,0,False,0.7692
test,810,1,0,False,0.5652
test,811,1,0,False,0.6026
test,812,1,0,False,0.5475
test,813,1,2,False,0.8656
test,814,1,0,False,0.7794
test,815,1,0,False,0.5851
test,816,1,1,True,0.4609
test,817,1,0,False,0.7164
test,818,1,0,False,0.3833
test,819,1,1,True,0.3706
test,820,1,0,False,0.5379
test,821,1,1,True,0.4216
test,822,1,1,True,0.3997
test,823,1,1,True,0.5919
test,824,1,2,False,0.4961
test,825,1,0,False,0.5528
test,826,1,0,False,0.4966
test,827,1,1,True,0.4344
test,828,1,0,False,0.8742
test,829,1,0,False,0.8571
test,830,1,1,True,0.3851
test,831,1,0,False,0.7020
test,832,1,0,False,0.5304
test,833,1,1,True,0.5383
test,834,1,0,False,0.7810
test,835,1,1,True,0.7374
test,836,1,0,False,0.6607
test,837,1,0,False,0.7946
test,838,1,1,True,0.6800
test,839,1,2,False,0.5958
test,840,1,2,False,0.4047
test,841,1,0,False,0.4724
test,842,1,2,False,0.6320
test,843,1,2,False,0.5915
test,844,1,1,True,0.4683
test,845,1,0,False,0.8057
test,846,1,0,False,0.4746
test,847,1,2,False,0.8043
test,848,1,0,False,0.8513
test,849,1,0,False,0.7102
test,850,1,0,False,0.4446
test,851,1,2,False,0.6846
test,852,1,2,False,0.4741
test,853,1,0,False,0.5047
test,854,1,0,False,0.6138
test,855,1,0,False,0.8001
test,856,1,0,False,0.4864
test,857,1,0,False,0.7934
test,858,1,1,True,0.6182
test,859,1,0,False,0.7538
test,860,1,0,False,0.7554
test,861,1,0,False,0.7523
test,862,1,0,False,0.6892
test,863,1,0,False,0.7118
test,864,1,1,True,0.5217
test,865,1,0,False,0.6604
test,866,1,0,False,0.8148
test,867,1,1,True,0.4133
test,868,1,0,False,0.7268
test,869,1,2,False,0.4386
test,870,1,1,True,0.5876
test,871,1,0,False,0.4432
test,872,1,1,True,0.6201
test,873,1,2,False,0.8026
test,874,1,2,False,0.7437
test,875,1,1,True,0.5727
test,876,1,1,True,0.4182
test,877,1,2,False,0.6562
test,878,1,1,True,0.5502
test,879,1,2,False,0.3797
test,880,1,0,False,0.5221
test,881,1,1,True,0.5026
test,882,1,0,False,0.6627
test,883,1,1,True,0.4432
test,884,1,1,True,0.6290
test,885,1,2,False,0.6218
test,886,1,0,False,0.6469
test,887,1,2,False,0.7634
test,888,1,2,False,0.6596
test,889,1,2,False,0.8516
test,890,1,0,False,0.5965
test,891,1,0,False,0.8359
test,892,1,0,False,0.7071
test,893,1,1,True,0.4921
test,894,1,0,False,0.7029
test,895,1,2,False,0.5332
test,896,1,1,True,0.4384
test,897,1,1,True,0.6253
test,898,1,2,False,0.8610
test,899,1,0,False,0.4394
test,900,1,0,False,0.6127
test,901,1,1,True,0.4612
test,902,1,0,False,0.5676
test,903,1,0,False,0.8454
test,904,1,2,False,0.4839
test,905,1,1,True,0.5376
test,906,1,0,False,0.8790
test,907,1,0,False,0.4392
test,908,1,0,False,0.5966
test,909,1,1,True,0.4137
test,910,1,1,True,0.4483
test,911,1,1,True,0.4349
test,912,1,1,True,0.6638
test,913,1,0,False,0.4331
test,914,1,1,True,0.6132
test,915,1,2,False,0.4536
test,916,1,1,True,0.4632
test,917,1,1,True,0.6181
test,918,1,1,True,0.4907
test,919,1,1,True,0.4587
test,920,1,2,False,0.4111
test,921,1,0,False,0.7973
test,922,1,0,False,0.6851
test,923,1,0,False,0.8159
test,924,1,2,False,0.8705
test,925,1,1,True,0.4449
test,926,1,2,False,0.7021
test,927,1,1,True,0.4439
test,928,1,2,False,0.6929
test,929,1,0,False,0.7037
test,930,1,2,False,0.9408
test,931,1,0,False,0.8542
test,932,1,2,False,0.7101
test,933,1,2,False,0.5739
test,934,1,2,False,0.4238
test,935,2,2,True,0.3683
test,936,2,2,True,0.5243
test,937,2,2,True,0.6634
test,938,2,2,True,0.9175
test,939,2,0,False,0.5455
test,940,2,2,True,0.7512
test,941,2,2,True,0.7380
test,942,2,2,True,0.7981
test,943,2,1,False,0.5281
test,944,2,3,False,0.4308
test,945,2,3,False,0.6025
test,946,2,2,True,0.9241
test,947,2,3,False,0.5892
test,948,2,2,True,0.8840
test,949,2,2,True,0.9602
test,950,2,2,True,0.6013
test,951,2,2,True,0.5052
test,952,2,2,True,0.8880
test,953,2,2,True,0.6371
test,954,2,2,True,0.8409
test,955,2,2,True,0.7901
test,956,2,2,True,0.9648
test,957,2,0,False,0.6454
test,958,2,1,False,0.5969
test,959,2,2,True,0.5051
test,960,2,2,True,0.7501
test,961,2,2,True,0.9121
test,962,2,2,True,0.9613
test,963,2,2,True,0.5937
test,964,2,1,False,0.5704
test,965,2,2,True,0.8953
test,966,2,2,True,0.9580
test,967,2,1,False,0.4551
test,968,2,2,True,0.9715
test,969,2,2,True,0.9510
test,970,2,2,True,0.8740
test,971,2,3,False,0.5642
test,972,2,1,False,0.3762
test,973,2,0,False,0.5477
test,974,2,2,True,0.9652
test,975,2,2,True,0.9325
test,976,2,2,True,0.5380
test,977,2,1,False,0.4419
test,978,2,2,True,0.9734
test,979,2,2,True,0.9716
test,980,2,2,True,0.8376
test,981,2,0,False,0.6930
test,982,2,2,True,0.7841
test,983,2,1,False,0.4668
test,984,2,2,True,0.9133
test,985,2,2,True,0.8546
test,986,2,1,False,0.7034
test,987,2,0,False,0.8578
test,988,2,2,True,0.8721
test,989,2,0,False,0.8903
test,990,2,0,False,0.8443
test,991,2,1,False,0.3770
test,992,2,2,True,0.8445
test,993,2,2,True,0.8838
test,994,2,1,False,0.4058
test,995,2,1,False,0.5432
test,996,2,2,True,0.4564
test,997,2,2,True,0.8013
test,998,2,2,True,0.6396
test,999,2,2,True,0.8567
test,1000,2,2,True,0.9766
test,1001,2,2,True,0.9680
test,1002,2,1,False,0.5051
test,1003,2,2,True,0.8035
test,1004,2,1,False,0.4163
test,1005,2,2,True,0.6770
test,1006,2,2,True,0.9741
test,1007,2,2,True,0.9639
test,1008,2,2,True,0.9252
test,1009,2,3,False,0.4799
test,1010,2,3,False,0.7461
test,1011,2,2,True,0.7460
test,1012,2,2,True,0.4125
test,1013,2,2,True,0.9018
test,1014,2,2,True,0.6580
test,1015,2,2,True,0.6001
test,1016,2,2,True,0.7748
test,1017,2,2,True,0.7246
test,1018,2,2,True,0.7728
test,1019,2,1,False,0.7806
test,1020,2,2,True,0.9575
test,1021,2,2,True,0.4008
test,1022,2,2,True,0.8448
test,1023,2,2,True,0.4844
test,1024,2,2,True,0.9390
test,1025,2,2,True,0.9757
test,1026,2,1,False,0.5039
test,1027,2,1,False,0.5512
test,1028,2,3,False,0.5373
test,1029,2,2,True,0.8783
test,1030,2,2,True,0.7379
test,1031,2,2,True,0.4818
test,1032,2,1,False,0.4499
test,1033,2,2,True,0.6057
test,1034,2,2,True,0.6565
test,1035,2,2,True,0.4933
test,1036,2,2,True,0.7927
test,1037,2,2,True,0.7200
test,1038,2,2,True,0.8018
test,1039,2,3,False,0.5242
test,1040,2,0,False,0.7508
test,1041,2,2,True,0.7336
test,1042,2,2,True,0.6611
test,1043,2,0,False,0.7729
test,1044,2,2,True,0.9055
test,1045,2,2,True,0.6264
test,1046,2,2,True,0.9689
test,1047,2,2,True,0.9674
test,1048,2,2,True,0.6560
test,1049,2,2,True,0.5397
test,1050,2,2,True,0.8695
test,1051,2,2,True,0.7959
test,1052,2,2,True,0.6333
test,1053,2,2,True,0.4404
test,1054,2,2,True,0.9297
test,1055,2,1,False,0.4721
test,1056,2,2,True,0.8841
test,1057,2,2,True,0.7290
test,1058,2,2,True,0.4833
test,1059,2,0,False,0.6655
test,1060,2,0,False,0.5139
test,1061,2,2,True,0.9783
test,1062,2,1,False,0.6799
test,1063,2,2,True,0.7508
test,1064,2,0,False,0.4252
test,1065,2,1,False,0.4927
test,1066,2,2,True,0.7286
test,1067,2,0,False,0.6952
test,1068,2,0,False,0.7256
test,1069,2,1,False,0.4737
test,1070,2,2,True,0.7344
test,1071,2,1,False,0.3456
test,1072,2,0,False,0.3658
test,1073,2,2,True,0.8112
test,1074,2,2,True,0.6746
test,1075,2,0,False,0.5341
test,1076,2,3,False,0.7856
test,1077,2,2,True,0.9486
test,1078,2,2,True,0.7089
test,1079,2,1,False,0.5214
test,1080,2,0,False,0.4807
test,1081,2,2,True,0.9219
test,1082,2,2,True,0.8864
test,1083,2,2,True,0.8400
test,1084,2,2,True,0.9652
test,1085,2,2,True,0.9099
test,1086,2,2,True,0.9006
test,1087,2,3,False,0.5137
test,1088,2,2,True,0.6002
test,1089,2,2,True,0.8150
test,1090,2,2,True,0.8932
test,1091,2,2,True,0.9791
test,1092,2,1,False,0.4479
test,1093,2,1,False,0.4948
test,1094,2,1,False,0.4244
test,1095,2,2,True,0.9573
test,1096,2,1,False,0.5400
test,1097,2,2,True,0.9697
test,1098,2,2,True,0.7791
test,1099,2,2,True,0.9278
test,1100,2,2,True,0.7655
test,1101,2,1,False,0.6881
test,1102,2,2,True,0.4969
test,1103,2,2,True,0.9358
test,1104,2,2,True,0.9295
test,1105,2,1,False,0.4983
test,1106,2,2,True,0.9252
test,1107,2,2,True,0.9757
test,1108,2,2,True,0.9736
test,1109,2,2,True,0.9209
test,1110,2,2,True,0.7751
test,1111,2,0,False,0.5724
test,1112,2,2,True,0.7322
test,1113,2,2,True,0.5672
test,1114,2,2,True,0.9043
test,1115,2,1,False,0.4921
test,1116,2,1,False,0.4405
test,1117,2,2,True,0.5908
test,1118,2,0,False,0.5581
test,1119,2,2,True,0.9466
test,1120,2,2,True,0.9058
test,1121,2,1,False,0.5663
test,1122,2,1,False,0.4022
test,1123,2,1,False,0.4606
test,1124,2,2,True,0.8978
test,1125,2,2,True,0.7704
test,1126,2,2,True,0.5016
test,1127,2,2,True,0.9086
test,1128,2,2,True,0.8633
test,1129,2,2,True,0.9019
test,1130,2,2,True,0.8642
test,1131,2,2,True,0.9304
test,1132,2,2,True,0.9709
test,1133,2,2,True,0.9533
test,1134,2,2,True,0.8625
test,1135,2,1,False,0.6555
test,1136,2,2,True,0.8388
test,1137,2,2,True,0.9791
test,1138,2,0,False,0.3395
test,1139,2,2,True,0.9384
test,1140,2,2,True,0.9542
test,1141,2,2,True,0.7589
test,1142,2,2,True,0.8921
test,1143,2,2,True,0.9820
test,1144,2,1,False,0.4882
test,1145,2,2,True,0.4632
test,1146,2,0,False,0.6228
test,1147,2,2,True,0.9423
test,1148,2,0,False,0.3825
test,1149,2,1,False,0.4589
test,1150,2,2,True,0.9588
test,1151,2,2,True,0.8191
test,1152,2,2,True,0.9490
test,1153,2,2,True,0.4756
test,1154,2,3,False,0.5772
test,1155,2,2,True,0.8636
test,1156,2,2,True,0.7927
test,1157,2,2,True,0.9615
test,1158,2,2,True,0.9618
test,1159,2,2,True,0.9775
test,1160,2,2,True,0.9389
test,1161,2,2,True,0.9813
test,1162,2,2,True,0.9691
test,1163,2,1,False,0.7025
test,1164,2,2,True,0.6528
test,1165,2,0,False,0.7287
test,1166,2,3,False,0.6548
test,1167,2,2,True,0.9320
test,1168,2,2,True,0.7577
test,1169,2,0,False,0.5971
test,1170,2,2,True,0.9348
test,1171,2,1,False,0.5761
test,1172,2,0,False,0.4511
test,1173,2,2,True,0.8597
test,1174,2,2,True,0.9239
test,1175,2,1,False,0.4063
test,1176,2,2,True,0.8277
test,1177,2,2,True,0.4622
test,1178,2,2,True,0.8327
test,1179,2,2,True,0.8787
test,1180,2,2,True,0.4829
test,1181,2,2,True,0.7512
test,1182,2,1,False,0.6514
test,1183,2,3,False,0.6877
test,1184,2,1,False,0.5140
test,1185,2,3,False,0.8633
test,1186,2,2,True,0.6135
test,1187,2,0,False,0.4390
test,1188,2,1,False,0.4472
test,1189,2,0,False,0.3314
test,1190,2,2,True,0.8805
test,1191,2,2,True,0.4944
test,1192,2,0,False,0.5651
test,1193,2,0,False,0.6676
test,1194,2,0,False,0.4922
test,1195,2,2,True,0.5471
test,1196,2,2,True,0.7679
test,1197,2,2,True,0.5218
test,1198,2,1,False,0.4819
test,1199,2,2,True,0.9011
test,1200,2,2,True,0.9573
test,1201,2,1,False,0.5626
test,1202,2,2,True,0.4589
test,1203,2,2,True,0.9531
test,1204,2,2,True,0.8983
test,1205,2,2,True,0.9273
test,1206,2,1,False,0.4303
test,1207,2,3,False,0.7270
test,1208,2,2,True,0.6683
test,1209,2,2,True,0.9383
test,1210,2,3,False,0.5720
test,1211,2,2,True,0.9305
test,1212,2,2,True,0.9344
test,1213,2,2,True,0.9702
test,1214,2,1,False,0.4122
test,1215,2,1,False,0.5356
test,1216,2,2,True,0.8652
test,1217,2,0,False,0.4789
test,1218,2,2,True,0.7027
test,1219,2,2,True,0.5848
test,1220,2,2,True,0.6899
test,1221,2,1,False,0.4836
test,1222,2,2,True,0.7841
test,1223,2,2,True,0.5517
test,1224,2,2,True,0.4574
test,1225,2,1,False,0.4937
test,1226,2,2,True,0.8026
test,1227,2,2,True,0.7318
test,1228,2,2,True,0.8949
test,1229,2,2,True,0.9179
test,1230,2,0,False,0.3329
test,1231,2,2,True,0.6725
test,1232,2,1,False,0.5562
test,1233,2,2,True,0.3868
test,1234,2,2,True,0.8802
test,1235,2,2,True,0.9488
test,1236,2,2,True,0.8670
test,1237,2,2,True,0.4861
test,1238,2,3,False,0.4989
test,1239,2,3,False,0.6111
test,1240,2,2,True,0.8520
test,1241,2,2,True,0.5173
test,1242,2,1,False,0.3908
test,1243,2,2,True,0.8128
test,1244,2,2,True,0.5875
test,1245,2,2,True,0.4873
test,1246,2,1,False,0.4308
test,1247,2,1,False,0.3733
test,1248,2,2,True,0.7901
test,1249,2,1,False,0.4628
test,1250,2,1,False,0.5294
test,1251,2,0,False,0.7728
test,1252,2,2,True,0.8309
test,1253,2,2,True,0.8879
test,1254,2,2,True,0.4069
test,1255,2,2,True,0.9616
test,1256,2,2,True,0.9507
test,1257,2,1,False,0.4225
test,1258,2,0,False,0.3893
test,1259,2,0,False,0.4700
test,1260,2,1,False,0.5772
test,1261,2,2,True,0.7326
test,1262,2,2,True,0.9631
test,1263,2,2,True,0.4510
test,1264,2,1,False,0.5050
test,1265,2,1,False,0.6419
test,1266,2,2,True,0.8528
test,1267,2,2,True,0.4706
test,1268,2,3,False,0.6741
test,1269,2,3,False,0.7264
test,1270,2,2,True,0.3952
test,1271,2,2,True,0.8439
test,1272,2,0,False,0.4214
test,1273,2,0,False,0.7328
test,1274,2,2,True,0.3766
test,1275,2,2,True,0.4314
test,1276,2,2,True,0.6500
test,1277,2,2,True,0.9635
test,1278,2,2,True,0.9513
test,1279,2,2,True,0.5353
test,1280,2,2,True,0.5909
test,1281,2,2,True,0.8458
test,1282,2,2,True,0.8667
test,1283,2,2,True,0.7921
test,1284,2,0,False,0.8141
test,1285,2,0,False,0.8325
test,1286,2,2,True,0.9699
test,1287,2,2,True,0.9800
test,1288,2,0,False,0.4375
test,1289,2,2,True,0.9263
test,1290,2,2,True,0.9718
test,1291,2,1,False,0.6062
test,1292,2,2,True,0.7442
test,1293,2,3,False,0.6675
test,1294,2,2,True,0.4780
test,1295,2,0,False,0.8560
test,1296,2,0,False,0.7063
test,1297,2,2,True,0.7839
test,1298,2,2,True,0.9426
test,1299,2,0,False,0.4686
test,1300,2,1,False,0.4912
test,1301,2,2,True,0.9604
test,1302,2,0,False,0.7706
test,1303,2,2,True,0.8095
test,1304,2,2,True,0.9718
test,1305,2,2,True,0.4872
test,1306,2,1,False,0.4526
test,1307,2,2,True,0.7753
test,1308,2,3,False,0.7269
test,1309,2,2,True,0.7813
test,1310,2,3,False,0.8772
test,1311,2,2,True,0.5307
test,1312,2,2,True,0.7856
test,1313,2,2,True,0.6707
test,1314,2,0,False,0.4731
test,1315,2,2,True,0.9777
test,1316,2,2,True,0.9516
test,1317,2,2,True,0.7887
test,1318,2,2,True,0.7713
test,1319,2,0,False,0.3116
test,1320,2,0,False,0.7748
test,1321,2,0,False,0.5792
test,1322,2,2,True,0.9634
test,1323,2,0,False,0.5444
test,1324,2,1,False,0.4718
test,1325,2,3,False,0.7469
test,1326,2,2,True,0.4625
test,1327,2,2,True,0.9857
test,1328,2,2,True,0.9836
test,1329,2,2,True,0.4887
test,1330,2,0,False,0.5430
test,1331,2,2,True,0.4823
test,1332,2,2,True,0.8260
test,1333,2,2,True,0.9345
test,1334,2,2,True,0.8525
test,1335,2,2,True,0.5775
test,1336,2,0,False,0.4412
test,1337,2,2,True,0.6252
test,1338,2,2,True,0.5987
test,1339,2,1,False,0.3484
test,1340,2,2,True,0.9018
test,1341,2,2,True,0.9388
test,1342,2,2,True,0.6458
test,1343,2,2,True,0.9033
test,1344,2,2,True,0.4760
test,1345,2,2,True,0.7977
test,1346,2,2,True,0.6350
test,1347,2,1,False,0.5231
test,1348,2,2,True,0.5161
test,1349,2,2,True,0.8236
test,1350,2,1,False,0.4172
test,1351,2,0,False,0.7681
test,1352,2,2,True,0.4533
test,1353,2,2,True,0.7513
test,1354,2,2,True,0.8347
test,1355,2,2,True,0.8317
test,1356,2,2,True,0.9215
test,1357,2,1,False,0.3628
test,1358,2,0,False,0.3599
test,1359,2,3,False,0.6428
test,1360,2,2,True,0.9172
test,1361,2,2,True,0.9677
test,1362,2,2,True,0.9665
test,1363,2,0,False,0.7177
test,1364,2,1,False,0.6847
test,1365,2,2,True,0.8100
test,1366,2,1,False,0.4792
test,1367,2,1,False,0.4960
test,1368,2,3,False,0.6089
test,1369,2,2,True,0.6157
test,1370,2,2,True,0.5892
test,1371,2,2,True,0.9716
test,1372,2,0,False,0.6094
test,1373,2,1,False,0.4221
test,1374,2,1,False,0.5392
test,1375,2,2,True,0.8841
test,1376,2,2,True,0.6752
test,1377,2,2,True,0.8458
test,1378,2,2,True,0.6892
test,1379,2,2,True,0.9673
test,1380,2,1,False,0.6179
test,1381,2,2,True,0.9359
test,1382,3,3,True,0.8882
test,1383,3,3,True,0.4681
test,1384,3,3,True,0.7876
test,1385,3,3,True,0.9301
test,1386,3,2,False,0.9299
test,1387,3,3,True,0.5936
test,1388,3,3,True,0.4475
test,1389,3,3,True,0.8108
test,1390,3,3,True,0.9105
test,1391,3,2,False,0.4820
test,1392,3,3,True,0.8476
test,1393,3,3,True,0.5342
test,1394,3,3,True,0.8773
test,1395,3,3,True,0.7005
test,1396,3,3,True,0.6270
test,1397,3,3,True,0.9000
test,1398,3,3,True,0.8518
test,1399,3,3,True,0.6605
test,1400,3,3,True,0.7898
test,1401,3,3,True,0.9246
test,1402,3,3,True,0.9176
test,1403,3,3,True,0.6639
test,1404,3,3,True,0.8559
test,1405,3,3,True,0.8352
test,1406,3,3,True,0.8833
test,1407,3,3,True,0.9181
test,1408,3,2,False,0.6114
test,1409,3,3,True,0.5955
test,1410,3,3,True,0.6937
test,1411,3,2,False,0.8729
test,1412,3,3,True,0.8145
test,1413,3,3,True,0.9046
test,1414,3,3,True,0.8973
test,1415,3,3,True,0.8434
test,1416,3,3,True,0.8265
test,1417,3,3,True,0.8454
test,1418,3,3,True,0.6967
test,1419,3,3,True,0.6828
test,1420,3,3,True,0.6915
test,1421,3,3,True,0.6273
test,1422,3,3,True,0.8351
test,1423,3,3,True,0.5127
test,1424,3,3,True,0.9256
test,1425,3,2,False,0.8615
test,1426,3,2,False,0.9150
test,1427,3,3,True,0.9476
test,1428,3,3,True,0.9116
test,1429,3,3,True,0.9448
test,1430,3,3,True,0.9393
test,1431,3,3,True,0.7703
test,1432,3,3,True,0.9337
test,1433,3,2,False,0.4663
test,1434,3,2,False,0.9277
test,1435,3,2,False,0.5926
test,1436,3,3,True,0.8988
test,1437,3,3,True,0.9268
test,1438,3,3,True,0.9506
test,1439,3,2,False,0.9204
test,1440,3,2,False,0.5247
test,1441,3,3,True,0.6662
test,1442,3,2,False,0.5939
test,1443,3,3,True,0.6691
test,1444,3,3,True,0.9159
test,1445,3,3,True,0.4931
test,1446,3,3,True,0.6627
test,1447,3,4,False,0.8934
test,1448,3,3,True,0.9309
test,1449,3,3,True,0.7773
test,1450,3,3,True,0.8513
test,1451,3,3,True,0.5384
test,1452,3,2,False,0.9398
test,1453,3,3,True,0.8608
test,1454,3,3,True,0.8220
test,1455,3,3,True,0.9204
test,1456,3,3,True,0.9372
test,1457,3,3,True,0.7262
test,1458,3,2,False,0.7595
test,1459,3,3,True,0.6292
test,1460,3,3,True,0.7383
test,1461,3,3,True,0.8910
test,1462,3,3,True,0.8511
test,1463,3,3,True,0.9059
test,1464,3,3,True,0.6193
test,1465,3,3,True,0.9314
test,1466,3,2,False,0.5003
test,1467,3,3,True,0.7127
test,1468,3,3,True,0.8733
test,1469,3,3,True,0.6482
test,1470,3,3,True,0.6770
test,1471,3,3,True,0.8405
test,1472,3,3,True,0.6294
test,1473,3,3,True,0.8498
test,1474,3,3,True,0.7414
test,1475,3,2,False,0.4696
test,1476,3,3,True,0.7088
test,1477,3,2,False,0.5365
test,1478,3,3,True,0.7804
test,1479,3,2,False,0.8057
test,1480,3,3,True,0.8691
test,1481,3,3,True,0.8033
test,1482,3,2,False,0.8647
test,1483,3,3,True,0.9365
test,1484,3,2,False,0.8233
test,1485,3,1,False,0.6519
test,1486,3,3,True,0.9008
test,1487,3,3,True,0.6391
test,1488,3,2,False,0.7876
test,1489,3,3,True,0.7598
test,1490,3,3,True,0.8108
test,1491,3,4,False,0.7835
test,1492,3,2,False,0.8021
test,1493,3,3,True,0.8178
test,1494,3,3,True,0.8222
test,1495,3,2,False,0.6870
test,1496,3,2,False,0.9558
test,1497,3,1,False,0.5137
test,1498,3,2,False,0.5706
test,1499,3,2,False,0.5798
test,1500,3,3,True,0.8821
test,1501,3,3,True,0.8273
test,1502,3,3,True,0.9096
test,1503,3,3,True,0.9499
test,1504,3,2,False,0.8072
test,1505,3,3,True,0.7503
test,1506,3,3,True,0.7354
test,1507,3,2,False,0.5789
test,1508,3,3,True,0.9176
test,1509,3,3,True,0.9255
test,1510,3,3,True,0.7267
test,1511,3,3,True,0.8070
test,1512,3,3,True,0.9348
test,1513,3,3,True,0.8957
test,1514,3,3,True,0.8782
test,1515,3,2,False,0.9008
test,1516,3,2,False,0.7497
test,1517,3,2,False,0.9486
test,1518,3,3,True,0.7992
test,1519,3,3,True,0.9183
test,1520,3,3,True,0.8868
test,1521,3,1,False,0.4818
test,1522,3,3,True,0.9272
test,1523,3,3,True,0.9499
test,1524,3,3,True,0.9003
test,1525,3,3,True,0.6443
test,1526,3,3,True,0.9372
test,1527,3,3,True,0.9247
test,1528,3,3,True,0.9120
test,1529,3,3,True,0.7330
test,1530,3,3,True,0.7245
test,1531,3,3,True,0.8720
test,1532,3,3,True,0.8942
test,1533,3,3,True,0.9263
test,1534,3,2,False,0.8722
test,1535,3,2,False,0.8633
test,1536,3,3,True,0.5760
test,1537,3,3,True,0.8551
test,1538,3,2,False,0.6130
test,1539,3,2,False,0.7954
test,1540,3,3,True,0.6723
test,1541,3,1,False,0.6739
test,1542,3,3,True,0.9180
test,1543,3,1,False,0.6067
test,1544,3,3,True,0.7636
test,1545,3,3,True,0.7396
test,1546,3,2,False,0.8217
test,1547,3,3,True,0.6353
test,1548,3,3,True,0.8175
test,1549,3,3,True,0.9396
test,1550,3,3,True,0.9314
test,1551,3,3,True,0.7622
test,1552,3,3,True,0.9439
test,1553,3,2,False,0.5542
test,1554,3,3,True,0.9181
test,1555,3,3,True,0.9423
test,1556,3,3,True,0.8976
test,1557,3,3,True,0.9228
test,1558,3,2,False,0.9052
test,1559,3,3,True,0.9427
test,1560,3,3,True,0.8787
test,1561,3,2,False,0.7946
test,1562,3,3,True,0.9521
test,1563,3,3,True,0.9243
test,1564,3,3,True,0.9355
test,1565,3,3,True,0.4980
test,1566,3,3,True,0.5499
test,1567,3,1,False,0.6155
test,1568,3,3,True,0.6152
test,1569,3,3,True,0.3732
test,1570,3,3,True,0.6500
test,1571,3,2,False,0.7309
test,1572,3,3,True,0.9297
test,1573,3,3,True,0.5339
test,1574,3,3,True,0.8424
test,1575,3,3,True,0.9311
test,1576,3,3,True,0.9570
test,1577,3,3,True,0.9434
test,1578,3,3,True,0.9066
test,1579,3,3,True,0.8445
test,1580,3,3,True,0.8903
test,1581,3,3,True,0.5522
test,1582,3,3,True,0.9309
test,1583,3,2,False,0.8849
test,1584,3,3,True,0.9217
test,1585,3,3,True,0.9155
test,1586,3,3,True,0.8659
test,1587,3,3,True,0.9200
test,1588,3,2,False,0.8380
test,1589,3,3,True,0.8617
test,1590,3,3,True,0.8863
test,1591,3,3,True,0.7753
test,1592,3,3,True,0.9488
test,1593,3,2,False,0.8465
test,1594,3,3,True,0.7026
test,1595,3,3,True,0.8913
test,1596,3,3,True,0.8940
test,1597,3,3,True,0.4764
test,1598,3,3,True,0.9010
test,1599,3,3,True,0.8898
test,1600,3,2,False,0.5708
test,1601,3,2,False,0.6047
test,1602,3,3,True,0.8551
test,1603,3,3,True,0.4741
test,1604,3,3,True,0.8701
test,1605,4,4,True,0.9079
test,1606,4,4,True,0.5013
test,1607,4,4,True,0.8201
test,1608,4,4,True,0.8026
test,1609,4,3,False,0.8061
test,1610,4,4,True,0.9010
test,1611,4,4,True,0.4862
test,1612,4,4,True,0.7074
test,1613,4,4,True,0.9237
test,1614,4,4,True,0.8608
test,1615,4,3,False,0.5933
test,1616,4,4,True,0.9247
test,1617,4,3,False,0.9370
test,1618,4,3,False,0.7593
test,1619,4,4,True,0.6869
test,1620,4,4,True,0.9138
test,1621,4,4,True,0.9180
test,1622,4,3,False,0.9227
test,1623,4,4,True,0.8999
test,1624,4,4,True,0.9057
test,1625,4,4,True,0.8227
test,1626,4,4,True,0.8513
test,1627,4,3,False,0.5415
test,1628,4,3,False,0.9225
test,1629,4,4,True,0.7982
test,1630,4,3,False,0.6043
test,1631,4,3,False,0.8696
test,1632,4,4,True,0.8784
test,1633,4,4,True,0.9318
test,1634,4,4,True,0.9110
test,1635,4,4,True,0.9055
test,1636,4,4,True,0.9188
test,1637,4,4,True,0.9778
test,1638,4,4,True,0.8687
test,1639,4,4,True,0.9424
test,1640,4,4,True,0.8985
test,1641,4,4,True,0.8856
test,1642,4,3,False,0.9680
test,1643,4,4,True,0.9166
test,1644,4,4,True,0.8523
test,1645,4,3,False,0.7991
test,1646,4,4,True,0.6031
test,1647,4,4,True,0.9400
test,1648,4,4,True,0.6466
test,1649,4,4,True,0.6326
test,1650,4,4,True,0.8771
test,1651,4,4,True,0.6844
test,1652,4,4,True,0.8514
test,1653,4,3,False,0.9440
test,1654,4,4,True,0.8599
test,1655,4,4,True,0.6898
