split,index,ground_truth,prediction,correct,confidence
val,0,0,0,True,0.9000
val,1,0,0,True,0.8644
val,2,0,0,True,0.7715
val,3,0,1,False,0.3788
val,4,0,0,True,0.3220
val,5,0,0,True,0.6525
val,6,0,0,True,0.5605
val,7,0,3,False,0.4320
val,8,0,0,True,0.7884
val,9,0,0,True,0.8307
val,10,0,2,False,0.6151
val,11,0,0,True,0.7388
val,12,0,1,False,0.4458
val,13,0,1,False,0.4968
val,14,0,0,True,0.7604
val,15,0,0,True,0.8863
val,16,0,0,True,0.6132
val,17,0,1,False,0.4370
val,18,0,1,False,0.4818
val,19,0,0,True,0.7845
val,20,0,0,True,0.6579
val,21,0,0,True,0.7721
val,22,0,0,True,0.4605
val,23,0,1,False,0.3487
val,24,0,0,True,0.8806
val,25,0,0,True,0.8284
val,26,0,0,True,0.7751
val,27,0,0,True,0.4956
val,28,0,2,False,0.4213
val,29,0,1,False,0.4085
val,30,0,1,False,0.4807
val,31,0,0,True,0.4326
val,32,0,0,True,0.4981
val,33,0,0,True,0.5784
val,34,0,0,True,0.7315
val,35,0,0,True,0.6080
val,36,0,0,True,0.8033
val,37,0,2,False,0.4058
val,38,0,2,False,0.4089
val,39,0,0,True,0.3348
val,40,0,0,True,0.5711
val,41,0,0,True,0.9161
val,42,0,0,True,0.5195
val,43,0,0,True,0.4883
val,44,0,0,True,0.8014
val,45,0,0,True,0.5960
val,46,0,0,True,0.6159
val,47,0,1,False,0.5800
val,48,0,0,True,0.8703
val,49,0,0,True,0.7779
val,50,0,0,True,0.8223
val,51,0,0,True,0.7947
val,52,0,0,True,0.5205
val,53,0,0,True,0.8548
val,54,0,0,True,0.7258
val,55,0,0,True,0.4469
val,56,0,0,True,0.7284
val,57,0,0,True,0.6255
val,58,0,0,True,0.5450
val,59,0,0,True,0.6127
val,60,0,1,False,0.5235
val,61,0,1,False,0.5198
val,62,0,0,True,0.8567
val,63,0,0,True,0.8102
val,64,0,1,False,0.5291
val,65,0,0,True,0.8721
val,66,0,0,True,0.6412
val,67,0,0,True,0.8157
val,68,0,0,True,0.4788
val,69,0,0,True,0.7087
val,70,0,0,True,0.4888
val,71,0,0,True,0.6946
val,72,0,0,True,0.7265
val,73,0,0,True,0.8522
val,74,0,0,True,0.7501
val,75,0,0,True,0.8127
val,76,0,0,True,0.6041
val,77,0,0,True,0.6310
val,78,0,0,True,0.4556
val,79,0,0,True,0.7289
val,80,0,2,False,0.8117
val,81,0,0,True,0.8531
val,82,0,0,True,0.8017
val,83,0,0,True,0.3526
val,84,0,1,False,0.5140
val,85,0,0,True,0.5861
val,86,0,0,True,0.4172
val,87,0,0,True,0.6412
val,88,0,0,True,0.5764
val,89,0,0,True,0.5847
val,90,0,0,True,0.8263
val,91,0,0,True,0.8116
val,92,0,0,True,0.7814
val,93,0,0,True,0.7047
val,94,0,0,True,0.7972
val,95,0,2,False,0.5861
val,96,0,1,False,0.3954
val,97,0,0,True,0.8066
val,98,0,0,True,0.7358
val,99,0,0,True,0.7931
val,100,0,0,True,0.8419
val,101,0,0,True,0.6964
val,102,0,0,True,0.7122
val,103,0,0,True,0.6951
val,104,0,0,True,0.8094
val,105,0,0,True,0.6590
val,106,0,0,True,0.4578
val,107,0,0,True,0.6904
val,108,0,2,False,0.5377
val,109,0,1,False,0.4173
val,110,0,0,True,0.7567
val,111,0,0,True,0.6218
val,112,0,0,True,0.8848
val,113,0,0,True,0.8145
val,114,0,0,True,0.8391
val,115,0,0,True,0.8050
val,116,0,0,True,0.8350
val,117,0,0,True,0.8222
val,118,0,0,True,0.7027
val,119,0,2,False,0.3303
val,120,0,0,True,0.6347
val,121,0,0,True,0.7138
val,122,0,0,True,0.7247
val,123,0,1,False,0.3842
val,124,0,1,False,0.3750
val,125,0,0,True,0.5751
val,126,0,0,True,0.6239
val,127,0,0,True,0.7972
val,128,0,0,True,0.8117
val,129,0,0,True,0.5953
val,130,0,1,False,0.4964
val,131,0,0,True,0.8073
val,132,0,1,False,0.5590
val,133,0,0,True,0.7001
val,134,0,1,False,0.5284
val,135,0,0,True,0.8705
val,136,0,0,True,0.7833
val,137,0,0,True,0.8284
val,138,0,0,True,0.6591
val,139,0,0,True,0.7742
val,140,0,0,True,0.8392
val,141,0,0,True,0.8317
val,142,0,1,False,0.4688
val,143,0,0,True,0.7739
val,144,0,0,True,0.5312
val,145,0,0,True,0.6708
val,146,0,0,True,0.4063
val,147,0,3,False,0.4786
val,148,0,0,True,0.4122
val,149,0,0,True,0.6726
val,150,0,0,True,0.8660
val,151,0,0,True,0.8891
val,152,0,0,True,0.3402
val,153,0,0,True,0.7261
val,154,0,0,True,0.7277
val,155,0,0,True,0.7599
val,156,0,0,True,0.8911
val,157,0,0,True,0.8305
val,158,0,0,True,0.6248
val,159,0,0,True,0.7252
val,160,0,0,True,0.8021
val,161,0,0,True,0.7686
val,162,0,0,True,0.5792
val,163,0,0,True,0.7047
val,164,0,0,True,0.7014
val,165,0,0,True,0.6984
val,166,0,0,True,0.8158
val,167,0,0,True,0.8250
val,168,0,0,True,0.8714
val,169,0,0,True,0.5304
val,170,0,0,True,0.8403
val,171,0,0,True,0.5727
val,172,0,0,True,0.8712
val,173,0,0,True,0.8930
val,174,0,0,True,0.7696
val,175,0,0,True,0.7388
val,176,0,0,True,0.8396
val,177,0,0,True,0.8456
val,178,0,0,True,0.7544
val,179,0,0,True,0.7812
val,180,0,0,True,0.7800
val,181,0,0,True,0.7758
val,182,0,0,True,0.9001
val,183,0,0,True,0.8860
val,184,0,0,True,0.6586
val,185,0,0,True,0.8822
val,186,0,0,True,0.8805
val,187,0,2,False,0.5447
val,188,0,0,True,0.6906
val,189,0,0,True,0.6879
val,190,0,1,False,0.5226
val,191,0,0,True,0.8911
val,192,0,0,True,0.8628
val,193,0,0,True,0.7757
val,194,0,0,True,0.6880
val,195,0,0,True,0.7345
val,196,0,0,True,0.7501
val,197,0,0,True,0.8048
val,198,0,0,True,0.6590
val,199,0,0,True,0.7867
val,200,0,0,True,0.6839
val,201,0,2,False,0.8172
val,202,0,0,True,0.4600
val,203,0,0,True,0.8865
val,204,0,2,False,0.3736
val,205,0,0,True,0.7376
val,206,0,0,True,0.7607
val,207,0,0,True,0.6989
val,208,0,0,True,0.5124
val,209,0,0,True,0.4788
val,210,0,0,True,0.6673
val,211,0,2,False,0.8020
val,212,0,0,True,0.8785
val,213,0,0,True,0.8474
val,214,0,0,True,0.8509
val,215,0,0,True,0.8197
val,216,0,0,True,0.6961
val,217,0,0,True,0.6680
val,218,0,0,True,0.3204
val,219,0,0,True,0.8547
val,220,0,0,True,0.8490
val,221,0,0,True,0.8164
val,222,0,2,False,0.6249
val,223,0,0,True,0.6090
val,224,0,0,True,0.6017
val,225,0,0,True,0.4577
val,226,0,1,False,0.4602
val,227,0,0,True,0.7898
val,228,0,0,True,0.8030
val,229,0,0,True,0.6890
val,230,0,0,True,0.7199
val,231,0,0,True,0.3616
val,232,0,0,True,0.4396
val,233,0,0,True,0.7429
val,234,0,0,True,0.8950
val,235,0,0,True,0.5681
val,236,0,0,True,0.5486
val,237,0,0,True,0.4924
val,238,0,0,True,0.4526
val,239,0,0,True,0.6880
val,240,0,2,False,0.6378
val,241,0,0,True,0.8323
val,242,0,0,True,0.6658
val,243,0,0,True,0.7953
val,244,0,0,True,0.8444
val,245,0,0,True,0.8382
val,246,0,0,True,0.9003
val,247,0,0,True,0.8394
val,248,0,2,False,0.6518
val,249,0,0,True,0.5119
val,250,0,0,True,0.9006
val,251,0,0,True,0.8328
val,252,0,0,True,0.4447
val,253,0,2,False,0.3510
val,254,0,0,True,0.7392
val,255,0,0,True,0.6078
val,256,0,0,True,0.7603
val,257,0,0,True,0.5501
val,258,0,3,False,0.3058
val,259,0,0,True,0.4242
val,260,0,1,False,0.4927
val,261,0,0,True,0.6634
val,262,0,0,True,0.6142
val,263,0,0,True,0.8260
val,264,0,0,True,0.6050
val,265,0,1,False,0.4602
val,266,0,0,True,0.6740
val,267,0,0,True,0.7677
val,268,0,0,True,0.8264
val,269,0,0,True,0.4974
val,270,0,0,True,0.7937
val,271,0,0,True,0.7691
val,272,0,0,True,0.6212
val,273,0,0,True,0.8340
val,274,0,0,True,0.8604
val,275,0,0,True,0.6933
val,276,0,2,False,0.4033
val,277,0,0,True,0.8261
val,278,0,0,True,0.9197
val,279,0,0,True,0.8275
val,280,0,1,False,0.5842
val,281,0,1,False,0.6026
val,282,0,0,True,0.7317
val,283,0,0,True,0.5731
val,284,0,2,False,0.4180
val,285,0,0,True,0.6452
val,286,0,0,True,0.8193
val,287,0,0,True,0.6132
val,288,0,0,True,0.8401
val,289,0,0,True,0.8211
val,290,0,0,True,0.4643
val,291,0,0,True,0.3951
val,292,0,0,True,0.8173
val,293,0,1,False,0.4253
val,294,0,0,True,0.7323
val,295,0,0,True,0.6870
val,296,0,1,False,0.3295
val,297,0,0,True,0.8316
val,298,0,0,True,0.7153
val,299,0,0,True,0.6711
val,300,0,0,True,0.6056
val,301,0,0,True,0.7910
val,302,0,0,True,0.8241
val,303,0,0,True,0.8017
val,304,0,0,True,0.8278
val,305,0,0,True,0.7214
val,306,0,0,True,0.5984
val,307,0,2,False,0.4166
val,308,0,0,True,0.7711
val,309,0,0,True,0.5943
val,310,0,0,True,0.8111
val,311,0,0,True,0.4407
val,312,0,0,True,0.8932
val,313,0,0,True,0.8991
val,314,0,1,False,0.5017
val,315,0,0,True,0.3426
val,316,0,0,True,0.6975
val,317,0,0,True,0.6206
val,318,0,0,True,0.9104
val,319,0,0,True,0.8798
val,320,0,0,True,0.8187
val,321,0,0,True,0.7047
val,322,0,0,True,0.5919
val,323,0,0,True,0.7829
val,324,0,1,False,0.4812
val,325,0,0,True,0.7452
val,326,0,0,True,0.7947
val,327,0,1,False,0.4427
val,328,1,0,False,0.7646
val,329,1,0,False,0.5675
val,330,1,0,False,0.5187
val,331,1,0,False,0.7259
val,332,1,0,False,0.8321
val,333,1,0,False,0.7700
val,334,1,1,True,0.5491
val,335,1,1,True,0.5405
val,336,1,3,False,0.8683
val,337,1,0,False,0.3809
val,338,1,0,False,0.6078
val,339,1,1,True,0.5643
val,340,1,1,True,0.4957
val,341,1,2,False,0.5822
val,342,1,0,False,0.5967
val,343,1,0,False,0.6017
val,344,1,2,False,0.9125
val,345,1,0,False,0.7828
val,346,1,0,False,0.8254
val,347,1,0,False,0.8246
val,348,1,0,False,0.5414
val,349,1,0,False,0.6448
val,350,1,0,False,0.5208
val,351,1,0,False,0.5599
val,352,1,1,True,0.4515
val,353,1,0,False,0.6615
val,354,1,0,False,0.6817
val,355,1,1,True,0.5461
val,356,1,0,False,0.7580
val,357,1,2,False,0.3784
val,358,1,0,False,0.7257
val,359,1,0,False,0.6914
val,360,1,0,False,0.6891
val,361,1,0,False,0.8628
val,362,1,2,False,0.7847
val,363,1,0,False,0.4868
val,364,1,2,False,0.5232
val,365,1,1,True,0.4202
val,366,1,0,False,0.3753
val,367,1,2,False,0.7214
val,368,1,2,False,0.6704
val,369,1,3,False,0.5283
val,370,1,2,False,0.8275
val,371,1,0,False,0.8482
val,372,1,0,False,0.5653
val,373,1,0,False,0.6490
val,374,1,0,False,0.7169
val,375,1,0,False,0.6028
val,376,1,0,False,0.6750
val,377,1,3,False,0.7402
val,378,1,0,False,0.8545
val,379,1,0,False,0.7692
val,380,1,0,False,0.4699
val,381,1,1,True,0.5052
val,382,1,2,False,0.3727
val,383,1,0,False,0.7964
val,384,1,1,True,0.4082
val,385,1,1,True,0.4150
val,386,1,0,False,0.8529
val,387,1,0,False,0.6663
val,388,1,0,False,0.7110
val,389,1,1,True,0.4234
val,390,1,2,False,0.6966
val,391,1,2,False,0.8647
val,392,1,1,True,0.4738
val,393,1,0,False,0.5533
val,394,1,2,False,0.5190
val,395,1,2,False,0.5314
val,396,1,0,False,0.5371
val,397,1,0,False,0.7241
val,398,1,0,False,0.4124
val,399,1,0,False,0.3922
val,400,1,1,True,0.4743
val,401,1,2,False,0.4758
val,402,1,0,False,0.3380
val,403,1,0,False,0.5636
val,404,1,0,False,0.8615
val,405,1,0,False,0.6146
val,406,1,2,False,0.3005
val,407,1,2,False,0.3646
val,408,1,0,False,0.4120
val,409,1,0,False,0.7075
val,410,1,0,False,0.5585
val,411,1,0,False,0.8306
val,412,1,2,False,0.4517
val,413,1,1,True,0.5136
val,414,1,1,True,0.5107
val,415,1,1,True,0.5666
val,416,1,0,False,0.6724
val,417,1,2,False,0.9196
val,418,1,0,False,0.5104
val,419,1,0,False,0.8377
val,420,1,1,True,0.4258
val,421,1,0,False,0.4569
val,422,1,0,False,0.7018
val,423,1,1,True,0.4733
val,424,1,0,False,0.8667
val,425,1,2,False,0.7287
val,426,1,0,False,0.8067
val,427,1,2,False,0.6335
val,428,1,2,False,0.4470
val,429,1,2,False,0.6944
val,430,1,0,False,0.6923
val,431,1,0,False,0.4752
val,432,1,0,False,0.4450
val,433,1,2,False,0.8772
val,434,1,0,False,0.7092
val,435,1,0,False,0.5368
val,436,1,1,True,0.4612
val,437,1,0,False,0.5244
val,438,1,0,False,0.5534
val,439,1,2,False,0.8013
val,440,1,1,True,0.4230
val,441,1,1,True,0.4378
val,442,1,1,True,0.5965
val,443,1,2,False,0.6269
val,444,1,0,False,0.3889
val,445,1,0,False,0.7028
val,446,1,1,True,0.4575
val,447,1,2,False,0.7467
val,448,1,0,False,0.7002
val,449,1,1,True,0.5216
val,450,1,0,False,0.8778
val,451,1,0,False,0.5128
val,452,1,2,False,0.3274
val,453,1,2,False,0.5422
val,454,1,1,True,0.4360
val,455,1,1,True,0.3414
val,456,1,0,False,0.8372
val,457,1,0,False,0.3823
val,458,1,0,False,0.6563
val,459,1,0,False,0.5161
val,460,1,0,False,0.7836
val,461,1,0,False,0.8104
val,462,1,1,True,0.4883
val,463,1,0,False,0.7385
val,464,1,0,False,0.4753
val,465,1,2,False,0.3231
val,466,1,1,True,0.3858
val,467,1,0,False,0.7054
val,468,1,3,False,0.5697
val,469,1,1,True,0.4945
val,470,1,1,True,0.4783
val,471,1,0,False,0.7547
val,472,1,2,False,0.9156
val,473,1,1,True,0.5217
val,474,1,2,False,0.4686
val,475,1,0,False,0.5614
val,476,1,0,False,0.7745
val,477,1,1,True,0.4213
val,478,1,1,True,0.4426
val,479,1,2,False,0.6242
val,480,1,1,True,0.4860
val,481,2,3,False,0.5306
val,482,2,2,True,0.8534
val,483,2,2,True,0.6524
val,484,2,2,True,0.4303
val,485,2,0,False,0.5031
val,486,2,2,True,0.5598
val,487,2,2,True,0.8095
val,488,2,1,False,0.3189
val,489,2,2,True,0.7109
val,490,2,2,True,0.5351
val,491,2,1,False,0.4331
val,492,2,0,False,0.6072
val,493,2,1,False,0.4430
val,494,2,2,True,0.9031
val,495,2,2,True,0.8801
val,496,2,3,False,0.5472
val,497,2,3,False,0.8033
val,498,2,2,True,0.6695
val,499,2,2,True,0.5160
val,500,2,2,True,0.8474
val,501,2,2,True,0.6268
val,502,2,2,True,0.6152
val,503,2,2,True,0.5531
val,504,2,0,False,0.4042
val,505,2,2,True,0.3558
val,506,2,2,True,0.6092
val,507,2,2,True,0.3990
val,508,2,2,True,0.6071
val,509,2,2,True,0.4716
val,510,2,2,True,0.6936
val,511,2,2,True,0.7431
val,512,2,2,True,0.8843
val,513,2,0,False,0.6477
val,514,2,2,True,0.6742
val,515,2,1,False,0.4197
val,516,2,2,True,0.7355
val,517,2,2,True,0.3254
val,518,2,0,False,0.4379
val,519,2,1,False,0.3571
val,520,2,2,True,0.5410
val,521,2,2,True,0.6641
val,522,2,3,False,0.5519
val,523,2,0,False,0.6296
val,524,2,2,True,0.7511
val,525,2,2,True,0.6000
val,526,2,2,True,0.5742
val,527,2,0,False,0.7044
val,528,2,2,True,0.8146
val,529,2,2,True,0.8977
val,530,2,3,False,0.6933
val,531,2,0,False,0.4261
val,532,2,1,False,0.4474
val,533,2,3,False,0.7819
val,534,2,2,True,0.8249
val,535,2,2,True,0.7502
val,536,2,2,True,0.4492
val,537,2,2,True,0.8691
val,538,2,3,False,0.5513
val,539,2,1,False,0.4543
val,540,2,2,True,0.6774
val,541,2,2,True,0.8024
val,542,2,0,False,0.4742
val,543,2,2,True,0.9501
val,544,2,0,False,0.7329
val,545,2,0,False,0.4367
val,546,2,2,True,0.9132
val,547,2,1,False,0.5148
val,548,2,2,True,0.4691
val,549,2,2,True,0.4494
val,550,2,2,True,0.5474
val,551,2,2,True,0.8502
val,552,2,2,True,0.5050
val,553,2,2,True,0.7274
val,554,2,3,False,0.5905
val,555,2,1,False,0.4801
val,556,2,2,True,0.6904
val,557,2,1,False,0.4159
val,558,2,2,True,0.8185
val,559,2,1,False,0.3921
val,560,2,2,True,0.3313
val,561,2,0,False,0.3452
val,562,2,2,True,0.5514
val,563,2,1,False,0.5352
val,564,2,2,True,0.3985
val,565,2,2,True,0.7880
val,566,2,0,False,0.5656
val,567,2,2,True,0.5027
val,568,2,0,False,0.4758
val,569,2,2,True,0.3957
val,570,2,0,False,0.5075
val,571,2,1,False,0.4967
val,572,2,2,True,0.5647
val,573,2,2,True,0.8243
val,574,2,1,False,0.4484
val,575,2,0,False,0.4413
val,576,2,0,False,0.4067
val,577,2,2,True,0.5220
val,578,2,2,True,0.4701
val,579,2,1,False,0.4781
val,580,2,0,False,0.7100
val,581,2,2,True,0.4029
val,582,2,2,True,0.7208
val,583,2,1,False,0.5146
val,584,2,2,True,0.3852
val,585,2,0,False,0.6214
val,586,2,2,True,0.6745
val,587,2,2,True,0.6558
val,588,2,3,False,0.4993
val,589,2,0,False,0.4541
val,590,2,2,True,0.7702
val,591,2,2,True,0.5023
val,592,2,2,True,0.4834
val,593,2,2,True,0.7182
val,594,2,2,True,0.7987
val,595,2,1,False,0.4543
val,596,2,2,True,0.7719
val,597,2,2,True,0.5087
val,598,2,3,False,0.4990
val,599,2,2,True,0.6355
val,600,2,1,False,0.4238
val,601,2,0,False,0.7119
val,602,2,3,False,0.3899
val,603,2,2,True,0.5440
val,604,2,2,True,0.4178
val,605,2,0,False,0.3499
val,606,2,2,True,0.6731
val,607,2,2,True,0.8873
val,608,2,3,False,0.6438
val,609,2,2,True,0.7150
val,610,2,2,True,0.6094
val,611,2,2,True,0.4588
val,612,2,2,True,0.5183
val,613,2,0,False,0.4346
val,614,2,2,True,0.5951
val,615,2,2,True,0.9276
val,616,2,2,True,0.8818
val,617,2,0,False,0.3387
val,618,2,2,True,0.4944
val,619,2,2,True,0.9278
val,620,2,2,True,0.8942
val,621,2,2,True,0.5002
val,622,2,2,True,0.5134
val,623,2,2,True,0.6465
val,624,2,3,False,0.4555
val,625,2,0,False,0.3814
val,626,2,0,False,0.4043
val,627,2,2,True,0.4125
val,628,2,2,True,0.5719
val,629,2,2,True,0.4840
val,630,2,1,False,0.4839
val,631,2,2,True,0.4867
val,632,2,2,True,0.6635
val,633,2,3,False,0.6943
val,634,2,2,True,0.5028
val,635,2,0,False,0.3400
val,636,2,0,False,0.4591
val,637,2,0,False,0.5395
val,638,2,0,False,0.5048
val,639,2,2,True,0.8159
val,640,2,2,True,0.4992
val,641,2,2,True,0.7123
val,642,2,0,False,0.7123
val,643,2,3,False,0.4336
val,644,2,2,True,0.3982
val,645,2,2,True,0.8570
val,646,2,2,True,0.4043
val,647,2,2,True,0.8889
val,648,2,0,False,0.8553
val,649,2,0,False,0.7834
val,650,2,1,False,0.3465
val,651,2,0,False,0.7284
val,652,2,2,True,0.7863
val,653,2,0,False,0.8327
val,654,2,2,True,0.9094
val,655,2,2,True,0.7993
val,656,2,0,False,0.6222
val,657,2,2,True,0.8419
val,658,2,2,True,0.8430
val,659,2,2,True,0.4433
val,660,2,1,False,0.3933
val,661,2,0,False,0.6717
val,662,2,0,False,0.4899
val,663,2,1,False,0.4246
val,664,2,1,False,0.5973
val,665,2,2,True,0.5558
val,666,2,2,True,0.4248
val,667,2,1,False,0.4674
val,668,2,2,True,0.8226
val,669,2,3,False,0.6586
val,670,2,0,False,0.5429
val,671,2,1,False,0.3785
val,672,2,2,True,0.7947
val,673,2,0,False,0.5001
val,674,2,2,True,0.4234
val,675,2,1,False,0.3366
val,676,2,2,True,0.7795
val,677,2,2,True,0.5743
val,678,2,2,True,0.8476
val,679,2,0,False,0.5628
val,680,2,2,True,0.5963
val,681,2,0,False,0.4094
val,682,2,2,True,0.5537
val,683,2,2,True,0.8401
val,684,2,2,True,0.8502
val,685,2,1,False,0.5538
val,686,2,1,False,0.5373
val,687,2,2,True,0.7075
val,688,2,2,True,0.4965
val,689,2,2,True,0.7446
val,690,2,2,True,0.8918
val,691,2,2,True,0.5257
val,692,2,1,False,0.4821
val,693,3,3,True,0.9373
val,694,3,4,False,0.6033
val,695,3,3,True,0.4548
val,696,3,3,True,0.8899
val,697,3,2,False,0.3277
val,698,3,2,False,0.4438
val,699,3,3,True,0.9033
val,700,3,3,True,0.7343
val,701,3,3,True,0.9113
val,702,3,3,True,0.9078
val,703,3,4,False,0.8221
val,704,3,3,True,0.9242
val,705,3,2,False,0.5628
val,706,3,3,True,0.5612
val,707,3,0,False,0.4987
val,708,3,3,True,0.9298
val,709,3,3,True,0.8335
val,710,3,3,True,0.9326
val,711,3,3,True,0.9496
val,712,3,3,True,0.8823
val,713,3,3,True,0.8728
val,714,3,3,True,0.8640
val,715,3,3,True,0.6042
val,716,3,2,False,0.3229
val,717,3,3,True,0.9303
val,718,3,2,False,0.5517
val,719,3,4,False,0.8771
val,720,3,3,True,0.8211
val,721,3,4,False,0.4084
val,722,3,4,False,0.5178
val,723,3,3,True,0.8300
val,724,3,3,True,0.9268
val,725,3,3,True,0.7338
val,726,3,3,True,0.6989
val,727,3,3,True,0.6318
val,728,3,3,True,0.6400
val,729,3,3,True,0.8747
val,730,3,3,True,0.5508
val,731,3,3,True,0.8985
val,732,3,2,False,0.4356
val,733,3,2,False,0.3943
val,734,3,0,False,0.5175
val,735,3,3,True,0.7634
val,736,3,3,True,0.8858
val,737,3,3,True,0.6449
val,738,3,3,True,0.6881
val,739,3,3,True,0.4735
val,740,3,2,False,0.5817
val,741,3,0,False,0.5008
val,742,3,3,True,0.6213
val,743,3,3,True,0.8637
val,744,3,3,True,0.8648
val,745,3,3,True,0.8828
val,746,3,3,True,0.7639
val,747,3,3,True,0.7834
val,748,3,3,True,0.9337
val,749,3,3,True,0.9082
val,750,3,4,False,0.8645
val,751,3,3,True,0.5474
val,752,3,3,True,0.8883
val,753,3,3,True,0.5841
val,754,3,0,False,0.6413
val,755,3,3,True,0.7136
val,756,3,3,True,0.9500
val,757,3,3,True,0.7953
val,758,3,3,True,0.8689
val,759,3,3,True,0.8964
val,760,3,3,True,0.7531
val,761,3,3,True,0.6312
val,762,3,2,False,0.5055
val,763,3,3,True,0.7571
val,764,3,3,True,0.9320
val,765,3,3,True,0.8865
val,766,3,3,True,0.6757
val,767,3,3,True,0.5630
val,768,3,2,False,0.6180
val,769,3,3,True,0.7740
val,770,3,3,True,0.9452
val,771,3,3,True,0.9270
val,772,3,4,False,0.7742
val,773,3,3,True,0.9344
val,774,3,3,True,0.9100
val,775,3,3,True,0.6691
val,776,3,3,True,0.9402
val,777,3,2,False,0.3112
val,778,3,2,False,0.6638
val,779,3,2,False,0.5832
val,780,3,3,True,0.8597
val,781,3,3,True,0.8991
val,782,3,3,True,0.8151
val,783,3,3,True,0.8872
val,784,3,3,True,0.6900
val,785,3,2,False,0.3484
val,786,3,2,False,0.5248
val,787,3,3,True,0.6477
val,788,3,2,False,0.5972
val,789,3,3,True,0.8940
val,790,3,2,False,0.8237
val,791,3,3,True,0.8332
val,792,3,3,True,0.8348
val,793,3,3,True,0.7777
val,794,3,2,False,0.6326
val,795,3,3,True,0.7247
val,796,3,2,False,0.5159
val,797,3,3,True,0.9112
val,798,3,3,True,0.8488
val,799,4,4,True,0.9120
val,800,4,4,True,0.8258
val,801,4,4,True,0.8288
val,802,4,4,True,0.8616
val,803,4,4,True,0.8689
val,804,4,3,False,0.7363
val,805,4,4,True,0.8661
val,806,4,3,False,0.7740
val,807,4,4,True,0.8258
val,808,4,4,True,0.8720
val,809,4,4,True,0.9601
val,810,4,4,True,0.9397
val,811,4,4,True,0.8576
val,812,4,4,True,0.9280
val,813,4,3,False,0.6759
val,814,4,4,True,0.9056
val,815,4,4,True,0.8638
val,816,4,3,False,0.5228
val,817,4,4,True,0.9062
val,818,4,4,True,0.9066
val,819,4,4,True,0.9016
val,820,4,4,True,0.8418
val,821,4,4,True,0.8236
val,822,4,4,True,0.8892
val,823,4,4,True,0.9189
val,824,4,4,True,0.7805
val,825,4,4,True,0.9430
test,0,0,0,True,0.8901
test,1,0,0,True,0.8824
test,2,0,0,True,0.6613
test,3,0,0,True,0.5992
test,4,0,0,True,0.8286
test,5,0,0,True,0.6320
test,6,0,0,True,0.7302
test,7,0,0,True,0.7009
test,8,0,1,False,0.4918
test,9,0,0,True,0.7496
test,10,0,0,True,0.6313
test,11,0,0,True,0.7539
test,12,0,0,True,0.6996
test,13,0,0,True,0.8007
test,14,0,0,True,0.7129
test,15,0,0,True,0.7141
test,16,0,0,True,0.5251
test,17,0,0,True,0.8229
test,18,0,0,True,0.6754
test,19,0,0,True,0.7364
test,20,0,0,True,0.8304
test,21,0,0,True,0.9009
test,22,0,0,True,0.8442
test,23,0,2,False,0.4249
test,24,0,0,True,0.5709
test,25,0,0,True,0.5432
test,26,0,0,True,0.6998
test,27,0,0,True,0.7807
test,28,0,0,True,0.8282
test,29,0,0,True,0.7647
test,30,0,0,True,0.5987
test,31,0,1,False,0.4185
test,32,0,1,False,0.4421
test,33,0,0,True,0.7641
test,34,0,2,False,0.6121
test,35,0,1,False,0.5445
test,36,0,0,True,0.3635
test,37,0,0,True,0.5401
test,38,0,0,True,0.7033
test,39,0,1,False,0.4558
test,40,0,0,True,0.6385
test,41,0,0,True,0.7587
test,42,0,1,False,0.4333
test,43,0,1,False,0.4870
test,44,0,0,True,0.6804
test,45,0,0,True,0.8881
test,46,0,0,True,0.6934
test,47,0,0,True,0.6922
test,48,0,0,True,0.6690
test,49,0,0,True,0.7351
test,50,0,0,True,0.4059
test,51,0,0,True,0.8465
test,52,0,0,True,0.8259
test,53,0,0,True,0.4282
test,54,0,0,True,0.5020
test,55,0,2,False,0.4900
test,56,0,0,True,0.5186
test,57,0,0,True,0.8675
test,58,0,0,True,0.8823
test,59,0,0,True,0.8389
test,60,0,0,True,0.7912
test,61,0,0,True,0.9069
test,62,0,0,True,0.5111
test,63,0,0,True,0.8365
test,64,0,0,True,0.7789
test,65,0,0,True,0.7644
test,66,0,0,True,0.6967
test,67,0,0,True,0.7305
test,68,0,0,True,0.8630
test,69,0,0,True,0.8374
test,70,0,1,False,0.5058
test,71,0,1,False,0.5381
test,72,0,2,False,0.3236
test,73,0,0,True,0.5506
test,74,0,0,True,0.5362
test,75,0,0,True,0.6504
test,76,0,0,True,0.4372
test,77,0,0,True,0.7889
test,78,0,0,True,0.7399
test,79,0,0,True,0.7660
test,80,0,0,True,0.4057
test,81,0,0,True,0.3192
test,82,0,0,True,0.5644
test,83,0,0,True,0.8800
test,84,0,1,False,0.4883
test,85,0,0,True,0.5378
test,86,0,0,True,0.8222
test,87,0,0,True,0.7781
test,88,0,1,False,0.4724
test,89,0,0,True,0.7457
test,90,0,0,True,0.6861
test,91,0,0,True,0.8877
test,92,0,0,True,0.8307
test,93,0,0,True,0.7711
test,94,0,0,True,0.7338
test,95,0,0,True,0.5145
test,96,0,0,True,0.7129
test,97,0,0,True,0.7491
test,98,0,0,True,0.8853
test,99,0,0,True,0.7150
test,100,0,0,True,0.5816
test,101,0,0,True,0.9169
test,102,0,0,True,0.9124
test,103,0,0,True,0.7587
test,104,0,0,True,0.8016
test,105,0,0,True,0.4435
test,106,0,0,True,0.8493
test,107,0,0,True,0.8508
test,108,0,0,True,0.6541
test,109,0,2,False,0.7763
test,110,0,0,True,0.6746
test,111,0,0,True,0.3759
test,112,0,0,True,0.5701
test,113,0,0,True,0.6510
test,114,0,0,True,0.6398
test,115,0,1,False,0.4464
test,116,0,0,True,0.4023
test,117,0,1,False,0.5830
test,118,0,0,True,0.7784
test,119,0,0,True,0.6049
test,120,0,0,True,0.8722
test,121,0,0,True,0.8356
test,122,0,0,True,0.7945
test,123,0,0,True,0.7633
test,124,0,0,True,0.7941
test,125,0,0,True,0.8248
test,126,0,0,True,0.4101
test,127,0,0,True,0.7516
test,128,0,0,True,0.8777
test,129,0,0,True,0.8790
test,130,0,1,False,0.4934
test,131,0,0,True,0.7229
test,132,0,0,True,0.8365
test,133,0,0,True,0.7037
test,134,0,0,True,0.5867
test,135,0,0,True,0.8638
test,136,0,0,True,0.7226
test,137,0,0,True,0.7340
test,138,0,0,True,0.7354
test,139,0,0,True,0.8518
test,140,0,0,True,0.6901
test,141,0,0,True,0.7226
test,142,0,0,True,0.7985
test,143,0,0,True,0.7838
test,144,0,0,True,0.6127
test,145,0,0,True,0.4773
test,146,0,0,True,0.7553
test,147,0,0,True,0.6816
test,148,0,1,False,0.4659
test,149,0,0,True,0.6776
test,150,0,0,True,0.8522
test,151,0,0,True,0.7911
test,152,0,0,True,0.4123
test,153,0,0,True,0.7147
test,154,0,0,True,0.7968
test,155,0,0,True,0.5579
test,156,0,0,True,0.5040
test,157,0,0,True,0.6640
test,158,0,0,True,0.6315
test,159,0,0,True,0.8350
test,160,0,0,True,0.8290
test,161,0,0,True,0.7607
test,162,0,1,False,0.5892
test,163,0,0,True,0.8449
test,164,0,0,True,0.8402
test,165,0,0,True,0.8561
test,166,0,0,True,0.4074
test,167,0,0,True,0.4810
test,168,0,0,True,0.4157
test,169,0,0,True,0.8045
test,170,0,0,True,0.8343
test,171,0,0,True,0.6377
test,172,0,0,True,0.7872
test,173,0,0,True,0.5801
test,174,0,0,True,0.8840
test,175,0,0,True,0.8469
test,176,0,0,True,0.8457
test,177,0,0,True,0.7011
test,178,0,0,True,0.8278
test,179,0,0,True,0.4938
test,180,0,0,True,0.7252
test,181,0,2,False,0.7045
test,182,0,0,True,0.7177
test,183,0,0,True,0.4510
test,184,0,0,True,0.7674
test,185,0,0,True,0.8459
test,186,0,0,True,0.8273
test,187,0,0,True,0.8809
test,188,0,0,True,0.8594
test,189,0,0,True,0.8303
test,190,0,0,True,0.6661
test,191,0,0,True,0.6441
test,192,0,0,True,0.7631
test,193,0,2,False,0.4458
test,194,0,1,False,0.4330
test,195,0,0,True,0.7808
test,196,0,0,True,0.8652
test,197,0,1,False,0.3688
test,198,0,0,True,0.6130
test,199,0,0,True,0.4516
test,200,0,0,True,0.7757
test,201,0,0,True,0.4980
test,202,0,0,True,0.9032
test,203,0,0,True,0.8626
test,204,0,0,True,0.7641
test,205,0,0,True,0.8454
test,206,0,0,True,0.8604
test,207,0,0,True,0.8039
test,208,0,0,True,0.7785
test,209,0,0,True,0.8395
test,210,0,0,True,0.8457
test,211,0,0,True,0.7649
test,212,0,0,True,0.8632
test,213,0,0,True,0.8946
test,214,0,0,True,0.7169
test,215,0,0,True,0.8526
test,216,0,0,True,0.8719
test,217,0,0,True,0.5030
test,218,0,0,True,0.5450
test,219,0,0,True,0.6828
test,220,0,0,True,0.8515
test,221,0,0,True,0.8424
test,222,0,0,True,0.8682
test,223,0,0,True,0.8312
test,224,0,0,True,0.7226
test,225,0,0,True,0.8346
test,226,0,0,True,0.6049
test,227,0,0,True,0.8593
test,228,0,0,True,0.8652
test,229,0,1,False,0.3475
test,230,0,0,True,0.4410
test,231,0,0,True,0.8825
test,232,0,0,True,0.8581
test,233,0,0,True,0.8410
test,234,0,0,True,0.7920
test,235,0,0,True,0.3300
test,236,0,0,True,0.7951
test,237,0,0,True,0.5904
test,238,0,1,False,0.4562
test,239,0,0,True,0.5921
test,240,0,0,True,0.8676
test,241,0,0,True,0.7953
test,242,0,0,True,0.8652
test,243,0,0,True,0.7409
test,244,0,0,True,0.8519
test,245,0,2,False,0.4401
test,246,0,0,True,0.7403
test,247,0,0,True,0.7564
test,248,0,0,True,0.4732
test,249,0,0,True,0.3292
test,250,0,0,True,0.7099
test,251,0,0,True,0.6932
test,252,0,1,False,0.4396
test,253,0,0,True,0.6568
test,254,0,0,True,0.6441
test,255,0,0,True,0.8587
test,256,0,0,True,0.5470
test,257,0,0,True,0.7375
test,258,0,0,True,0.8716
test,259,0,0,True,0.8705
test,260,0,0,True,0.7437
test,261,0,0,True,0.7691
test,262,0,1,False,0.5229
test,263,0,0,True,0.5256
test,264,0,0,True,0.6217
test,265,0,0,True,0.7371
test,266,0,0,True,0.6615
test,267,0,0,True,0.8230
test,268,0,0,True,0.7575
test,269,0,0,True,0.8525
test,270,0,0,True,0.8674
test,271,0,0,True,0.8809
test,272,0,0,True,0.9074
test,273,0,0,True,0.8927
test,274,0,0,True,0.8515
test,275,0,0,True,0.8931
test,276,0,0,True,0.4708
test,277,0,1,False,0.4993
test,278,0,0,True,0.7976
test,279,0,0,True,0.7499
test,280,0,0,True,0.8624
test,281,0,0,True,0.7597
test,282,0,0,True,0.5710
test,283,0,0,True,0.5496
test,284,0,0,True,0.7079
test,285,0,0,True,0.7906
test,286,0,2,False,0.3647
test,287,0,0,True,0.6746
test,288,0,1,False,0.4381
test,289,0,0,True,0.7271
test,290,0,0,True,0.7002
test,291,0,2,False,0.4740
test,292,0,0,True,0.5953
test,293,0,1,False,0.4382
test,294,0,0,True,0.7787
test,295,0,0,True,0.7958
test,296,0,0,True,0.8282
test,297,0,0,True,0.7544
test,298,0,1,False,0.4710
test,299,0,1,False,0.5385
test,300,0,0,True,0.5511
test,301,0,0,True,0.7829
test,302,0,0,True,0.7637
test,303,0,0,True,0.7991
test,304,0,0,True,0.6409
test,305,0,0,True,0.6456
test,306,0,0,True,0.8132
test,307,0,0,True,0.5318
test,308,0,0,True,0.5261
test,309,0,0,True,0.4473
test,310,0,0,True,0.5937
test,311,0,0,True,0.7761
test,312,0,1,False,0.4721
test,313,0,0,True,0.8462
test,314,0,0,True,0.6563
test,315,0,2,False,0.6185
test,316,0,1,False,0.5678
test,317,0,0,True,0.6565
test,318,0,0,True,0.7223
test,319,0,2,False,0.6554
test,320,0,0,True,0.7463
test,321,0,2,False,0.4478
test,322,0,1,False,0.4398
test,323,0,0,True,0.7215
test,324,0,0,True,0.6833
test,325,0,1,False,0.4664
test,326,0,1,False,0.5937
test,327,0,1,False,0.5409
test,328,0,0,True,0.8128
test,329,0,0,True,0.8676
test,330,0,0,True,0.8980
test,331,0,0,True,0.8276
test,332,0,0,True,0.7300
test,333,0,0,True,0.4092
test,334,0,0,True,0.7044
test,335,0,0,True,0.3668
test,336,0,0,True,0.8386
test,337,0,0,True,0.8630
test,338,0,1,False,0.4708
test,339,0,0,True,0.5251
test,340,0,0,True,0.5355
test,341,0,0,True,0.7618
test,342,0,0,True,0.7778
test,343,0,0,True,0.7689
test,344,0,1,False,0.4945
test,345,0,0,True,0.8858
test,346,0,0,True,0.8084
test,347,0,0,True,0.5350
test,348,0,0,True,0.4098
test,349,0,0,True,0.3553
test,350,0,0,True,0.4859
test,351,0,0,True,0.5221
test,352,0,0,True,0.5605
test,353,0,0,True,0.4724
test,354,0,0,True,0.5412
test,355,0,0,True,0.6724
test,356,0,0,True,0.6353
test,357,0,0,True,0.8641
test,358,0,0,True,0.8100
test,359,0,0,True,0.7542
test,360,0,0,True,0.3715
test,361,0,0,True,0.4897
test,362,0,0,True,0.5026
test,363,0,0,True,0.8220
test,364,0,1,False,0.4410
test,365,0,0,True,0.7735
test,366,0,1,False,0.3738
test,367,0,3,False,0.3389
test,368,0,0,True,0.4239
test,369,0,0,True,0.7926
test,370,0,0,True,0.7180
test,371,0,0,True,0.6595
test,372,0,0,True,0.3370
test,373,0,0,True,0.4668
test,374,0,0,True,0.8936
test,375,0,0,True,0.8934
test,376,0,0,True,0.7955
test,377,0,0,True,0.8055
test,378,0,0,True,0.6017
test,379,0,0,True,0.7572
test,380,0,0,True,0.6304
test,381,0,0,True,0.6847
test,382,0,0,True,0.6738
test,383,0,1,False,0.4021
test,384,0,0,True,0.7463
test,385,0,0,True,0.6594
test,386,0,2,False,0.3432
test,387,0,0,True,0.4434
test,388,0,0,True,0.7926
test,389,0,0,True,0.8581
test,390,0,0,True,0.8216
test,391,0,0,True,0.4893
test,392,0,0,True,0.2936
test,393,0,0,True,0.5877
test,394,0,0,True,0.5877
test,395,0,0,True,0.8009
test,396,0,0,True,0.6519
test,397,0,0,True,0.8328
test,398,0,1,False,0.4800
test,399,0,0,True,0.4856
test,400,0,0,True,0.6805
test,401,0,0,True,0.8507
test,402,0,0,True,0.8642
test,403,0,0,True,0.6674
test,404,0,0,True,0.6557
test,405,0,0,True,0.6969
test,406,0,0,True,0.4379
test,407,0,0,True,0.8333
test,408,0,2,False,0.5997
test,409,0,0,True,0.5120
test,410,0,0,True,0.6311
test,411,0,0,True,0.6966
test,412,0,0,True,0.8583
test,413,0,0,True,0.8904
test,414,0,0,True,0.8290
test,415,0,1,False,0.4375
test,416,0,0,True,0.7951
test,417,0,0,True,0.4930
test,418,0,0,True,0.5406
test,419,0,0,True,0.8669
test,420,0,0,True,0.7342
test,421,0,0,True,0.7880
test,422,0,0,True,0.6576
test,423,0,0,True,0.5601
test,424,0,0,True,0.8380
test,425,0,0,True,0.4758
test,426,0,0,True,0.5516
test,427,0,0,True,0.7760
test,428,0,0,True,0.7712
test,429,0,0,True,0.8378
test,430,0,0,True,0.8287
test,431,0,0,True,0.8209
test,432,0,0,True,0.4000
test,433,0,0,True,0.8354
test,434,0,0,True,0.4760
test,435,0,2,False,0.6154
test,436,0,0,True,0.8038
test,437,0,0,True,0.5943
test,438,0,0,True,0.4718
test,439,0,0,True,0.7311
test,440,0,0,True,0.7994
test,441,0,0,True,0.8214
test,442,0,0,True,0.6338
test,443,0,0,True,0.8800
test,444,0,0,True,0.8550
test,445,0,0,True,0.8371
test,446,0,0,True,0.6687
test,447,0,0,True,0.8370
test,448,0,0,True,0.6000
test,449,0,0,True,0.4614
test,450,0,0,True,0.3770
test,451,0,2,False,0.3080
test,452,0,0,True,0.7386
test,453,0,0,True,0.6444
test,454,0,0,True,0.7713
test,455,0,0,True,0.4252
test,456,0,0,True,0.4065
test,457,0,0,True,0.7594
test,458,0,0,True,0.7411
test,459,0,0,True,0.8077
test,460,0,0,True,0.4608
test,461,0,0,True,0.5628
test,462,0,0,True,0.6361
test,463,0,0,True,0.7102
test,464,0,0,True,0.8146
test,465,0,0,True,0.8274
test,466,0,0,True,0.7729
test,467,0,0,True,0.6689
test,468,0,0,True,0.4884
test,469,0,0,True,0.8391
test,470,0,0,True,0.8110
test,471,0,2,False,0.4399
test,472,0,1,False,0.4977
test,473,0,0,True,0.7758
test,474,0,0,True,0.7474
test,475,0,0,True,0.7835
test,476,0,0,True,0.5746
test,477,0,2,False,0.5806
test,478,0,1,False,0.5205
test,479,0,0,True,0.7944
test,480,0,0,True,0.5067
test,481,0,0,True,0.6971
test,482,0,0,True,0.7261
test,483,0,0,True,0.6268
test,484,0,0,True,0.6856
test,485,0,0,True,0.8016
test,486,0,0,True,0.8486
test,487,0,0,True,0.7701
test,488,0,0,True,0.6344
test,489,0,0,True,0.6349
test,490,0,0,True,0.6467
test,491,0,0,True,0.6047
test,492,0,0,True,0.7055
test,493,0,0,True,0.8675
test,494,0,0,True,0.8210
test,495,0,0,True,0.7980
test,496,0,0,True,0.6682
test,497,0,0,True,0.5462
test,498,0,0,True,0.6944
test,499,0,0,True,0.8065
test,500,0,0,True,0.6185
test,501,0,0,True,0.4950
test,502,0,0,True,0.6332
test,503,0,0,True,0.8404
test,504,0,0,True,0.6521
test,505,0,0,True,0.6398
test,506,0,0,True,0.5227
test,507,0,0,True,0.7583
test,508,0,0,True,0.4627
test,509,0,0,True,0.8022
test,510,0,0,True,0.6541
test,511,0,0,True,0.7533
test,512,0,0,True,0.8562
test,513,0,0,True,0.6753
test,514,0,0,True,0.7170
test,515,0,0,True,0.7215
test,516,0,0,True,0.6858
test,517,0,0,True,0.8143
test,518,0,0,True,0.8826
test,519,0,0,True,0.4846
test,520,0,0,True,0.4525
test,521,0,0,True,0.8285
test,522,0,0,True,0.8473
test,523,0,0,True,0.7775
test,524,0,0,True,0.5528
test,525,0,0,True,0.8714
test,526,0,0,True,0.7588
test,527,0,0,True,0.8387
test,528,0,0,True,0.6739
test,529,0,0,True,0.8018
test,530,0,0,True,0.7711
test,531,0,0,True,0.4953
test,532,0,0,True,0.6768
test,533,0,2,False,0.4046
test,534,0,0,True,0.6704
test,535,0,0,True,0.6105
test,536,0,1,False,0.4946
test,537,0,0,True,0.6772
test,538,0,0,True,0.8784
test,539,0,0,True,0.7463
test,540,0,0,True,0.6445
test,541,0,0,True,0.6409
test,542,0,0,True,0.6315
test,543,0,0,True,0.5981
test,544,0,0,True,0.7200
test,545,0,0,True,0.7364
test,546,0,0,True,0.8355
test,547,0,0,True,0.8375
test,548,0,0,True,0.8488
test,549,0,0,True,0.7666
test,550,0,0,True,0.6052
test,551,0,1,False,0.5146
test,552,0,0,True,0.8445
test,553,0,0,True,0.8265
test,554,0,0,True,0.8521
test,555,0,0,True,0.8736
test,556,0,0,True,0.8720
test,557,0,0,True,0.7052
test,558,0,0,True,0.4200
test,559,0,0,True,0.3684
test,560,0,0,True,0.8112
test,561,0,0,True,0.8018
test,562,0,0,True,0.7910
test,563,0,0,True,0.8514
test,564,0,0,True,0.5241
test,565,0,0,True,0.4713
test,566,0,0,True,0.7687
test,567,0,0,True,0.7410
test,568,0,0,True,0.7793
test,569,0,0,True,0.8441
test,570,0,0,True,0.8508
test,571,0,0,True,0.7357
test,572,0,0,True,0.6281
test,573,0,0,True,0.8004
test,574,0,0,True,0.7719
test,575,0,0,True,0.8060
test,576,0,0,True,0.7968
test,577,0,0,True,0.8693
test,578,0,0,True,0.6722
test,579,0,1,False,0.4638
test,580,0,0,True,0.5295
test,581,0,0,True,0.5309
test,582,0,0,True,0.8276
test,583,0,0,True,0.8348
test,584,0,0,True,0.7825
test,585,0,0,True,0.6273
test,586,0,2,False,0.5102
test,587,0,0,True,0.7021
test,588,0,0,True,0.8249
test,589,0,0,True,0.7231
test,590,0,0,True,0.7280
test,591,0,0,True,0.4942
test,592,0,0,True,0.7799
test,593,0,0,True,0.9129
test,594,0,2,False,0.4216
test,595,0,2,False,0.7034
test,596,0,0,True,0.6670
test,597,0,0,True,0.8002
test,598,0,0,True,0.3518
test,599,0,1,False,0.5563
test,600,0,0,True,0.9175
test,601,0,0,True,0.8982
test,602,0,0,True,0.8463
test,603,0,0,True,0.7734
test,604,0,0,True,0.8728
test,605,0,2,False,0.3584
test,606,0,2,False,0.5919
test,607,0,0,True,0.7391
test,608,0,0,True,0.5805
test,609,0,0,True,0.8487
test,610,0,2,False,0.4029
test,611,0,0,True,0.8389
test,612,0,0,True,0.8030
test,613,0,0,True,0.7326
test,614,0,0,True,0.6883
test,615,0,0,True,0.6785
test,616,0,2,False,0.4347
test,617,0,0,True,0.8328
test,618,0,0,True,0.8802
test,619,0,0,True,0.8433
test,620,0,0,True,0.6778
test,621,0,0,True,0.3526
test,622,0,0,True,0.3720
test,623,0,0,True,0.4506
test,624,0,0,True,0.7892
test,625,0,0,True,0.5965
test,626,0,0,True,0.7999
test,627,0,0,True,0.7494
test,628,0,0,True,0.6500
test,629,0,1,False,0.4503
test,630,0,0,True,0.7064
test,631,0,0,True,0.8291
test,632,0,0,True,0.8504
test,633,0,0,True,0.4517
test,634,0,0,True,0.6948
test,635,0,0,True,0.4639
test,636,0,0,True,0.7724
test,637,0,0,True,0.7198
test,638,0,0,True,0.8275
test,639,1,0,False,0.6488
test,640,1,0,False,0.7871
test,641,1,0,False,0.4417
test,642,1,1,True,0.3993
test,643,1,0,False,0.5010
test,644,1,1,True,0.5065
test,645,1,2,False,0.7808
test,646,1,0,False,0.8150
test,647,1,0,False,0.7647
test,648,1,0,False,0.5433
test,649,1,0,False,0.7610
test,650,1,0,False,0.4211
test,651,1,2,False,0.4118
test,652,1,0,False,0.8227
test,653,1,1,True,0.4469
test,654,1,1,True,0.4952
test,655,1,0,False,0.5770
test,656,1,2,False,0.5527
test,657,1,1,True,0.4010
test,658,1,0,False,0.4043
test,659,1,0,False,0.3879
test,660,1,1,True,0.5840
test,661,1,2,False,0.4355
test,662,1,1,True,0.3406
test,663,1,2,False,0.6133
test,664,1,1,True,0.3627
test,665,1,0,False,0.7689
test,666,1,0,False,0.5941
test,667,1,2,False,0.3683
test,668,1,0,False,0.7018
test,669,1,0,False,0.6721
test,670,1,0,False,0.4135
test,671,1,0,False,0.6794
test,672,1,1,True,0.4286
test,673,1,0,False,0.7750
test,674,1,0,False,0.6458
test,675,1,0,False,0.5623
test,676,1,0,False,0.4321
test,677,1,2,False,0.3994
test,678,1,0,False,0.6281
test,679,1,3,False,0.6504
test,680,1,0,False,0.4383
test,681,1,0,False,0.7084
test,682,1,2,False,0.4913
test,683,1,2,False,0.6897
test,684,1,1,True,0.4778
test,685,1,1,True,0.4995
test,686,1,0,False,0.6445
test,687,1,1,True,0.5093
test,688,1,1,True,0.3749
test,689,1,1,True,0.5023
test,690,1,0,False,0.6236
test,691,1,3,False,0.3599
test,692,1,1,True,0.2719
test,693,1,0,False,0.7116
test,694,1,0,False,0.5775
test,695,1,1,True,0.4636
test,696,1,0,False,0.8301
test,697,1,0,False,0.5508
test,698,1,0,False,0.8227
test,699,1,0,False,0.6906
test,700,1,0,False,0.6578
test,701,1,0,False,0.4138
test,702,1,1,True,0.4510
test,703,1,1,True,0.5394
test,704,1,2,False,0.4101
test,705,1,0,False,0.4961
test,706,1,2,False,0.6663
test,707,1,0,False,0.5611
test,708,1,0,False,0.7739
test,709,1,0,False,0.6867
test,710,1,2,False,0.5914
test,711,1,0,False,0.6350
test,712,1,0,False,0.3279
test,713,1,0,False,0.6366
test,714,1,2,False,0.5328
test,715,1,0,False,0.4957
test,716,1,0,False,0.5085
test,717,1,1,True,0.4454
test,718,1,0,False,0.7351
test,719,1,0,False,0.5384
test,720,1,0,False,0.8643
test,721,1,2,False,0.7572
test,722,1,1,True,0.4948
test,723,1,1,True,0.4036
test,724,1,3,False,0.6813
test,725,1,0,False,0.8486
test,726,1,0,False,0.5520
test,727,1,0,False,0.5591
test,728,1,2,False,0.5042
test,729,1,2,False,0.4242
test,730,1,0,False,0.8809
test,731,1,0,False,0.6125
test,732,1,1,True,0.3574
test,733,1,2,False,0.5883
test,734,1,0,False,0.6907
test,735,1,0,False,0.7071
test,736,1,2,False,0.5606
test,737,1,2,False,0.8599
test,738,1,1,True,0.5146
test,739,1,0,False,0.8518
test,740,1,0,False,0.4894
test,741,1,0,False,0.5020
test,742,1,2,False,0.6795
test,743,1,0,False,0.5243
test,744,1,0,False,0.7325
test,745,1,2,False,0.7252
test,746,1,0,False,0.8659
test,747,1,0,False,0.5706
test,748,1,2,False,0.7374
test,749,1,1,True,0.4230
test,750,1,0,False,0.8044
test,751,1,2,False,0.3141
test,752,1,0,False,0.6701
test,753,1,0,False,0.6793
test,754,1,2,False,0.6275
test,755,1,0,False,0.3859
test,756,1,1,True,0.3339
test,757,1,0,False,0.6690
test,758,1,2,False,0.7022
test,759,1,0,False,0.6064
test,760,1,2,False,0.3663
test,761,1,0,False,0.3772
test,762,1,0,False,0.8082
test,763,1,1,True,0.4602
test,764,1,2,False,0.4894
test,765,1,0,False,0.8451
test,766,1,0,False,0.5721
test,767,1,0,False,0.4918
test,768,1,0,False,0.4115
test,769,1,0,False,0.5468
test,770,1,0,False,0.8985
test,771,1,0,False,0.3825
test,772,1,0,False,0.6450
test,773,1,0,False,0.4719
test,774,1,0,False,0.5700
test,775,1,0,False,0.5917
test,776,1,0,False,0.7507
test,777,1,0,False,0.5102
test,778,1,0,False,0.7463
test,779,1,0,False,0.8242
test,780,1,0,False,0.5460
test,781,1,0,False,0.7311
test,782,1,0,False,0.8109
test,783,1,2,False,0.4802
test,784,1,1,True,0.5099
test,785,1,0,False,0.6074
test,786,1,0,False,0.4837
test,787,1,0,False,0.7643
test,788,1,2,False,0.5040
test,789,1,0,False,0.4341
test,790,1,2,False,0.3931
test,791,1,0,False,0.4902
test,792,1,0,False,0.5023
test,793,1,0,False,0.4413
test,794,1,0,False,0.6307
test,795,1,2,False,0.8052
test,796,1,2,False,0.3795
test,797,1,0,False,0.4641
test,798,1,1,True,0.4560
test,799,1,0,False,0.6444
test,800,1,2,False,0.4480
test,801,1,0,False,0.7829
test,802,1,1,True,0.4472
test,803,1,2,False,0.6797
test,804,1,0,False,0.4580
test,805,1,0,False,0.6239
test,806,1,0,False,0.7981
test,807,1,0,False,0.7085
test,808,1,0,False,0.7690
test,809,1,0,False,0.7124
test,810,1,0,False,0.6422
test,811,1,0,False,0.5645
test,812,1,0,False,0.6285
test,813,1,1,True,0.4154
test,814,1,0,False,0.3617
test,815,1,0,False,0.7849
test,816,1,2,False,0.4293
test,817,1,0,False,0.5103
test,818,1,0,False,0.5645
test,819,1,1,True,0.4545
test,820,1,1,True,0.5230
test,821,1,2,False,0.3840
test,822,1,2,False,0.3257
test,823,1,0,False,0.7396
test,824,1,1,True,0.5467
test,825,1,0,False,0.6317
test,826,1,0,False,0.3242
test,827,1,1,True,0.4627
test,828,1,0,False,0.8104
test,829,1,0,False,0.7233
test,830,1,1,True,0.5261
test,831,1,0,False,0.7138
test,832,1,0,False,0.7277
test,833,1,0,False,0.4262
test,834,1,0,False,0.7192
test,835,1,1,True,0.5456
test,836,1,0,False,0.5299
test,837,1,0,False,0.7403
test,838,1,1,True,0.4516
test,839,1,1,True,0.4944
test,840,1,0,False,0.5236
test,841,1,0,False,0.3689
test,842,1,1,True,0.5501
test,843,1,0,False,0.4404
test,844,1,1,True,0.4798
test,845,1,0,False,0.8411
test,846,1,1,True,0.4786
test,847,1,2,False,0.5082
test,848,1,0,False,0.5230
test,849,1,2,False,0.4465
test,850,1,0,False,0.4010
test,851,1,2,False,0.5876
test,852,1,1,True,0.5195
test,853,1,0,False,0.5743
test,854,1,0,False,0.5169
test,855,1,0,False,0.7338
test,856,1,1,True,0.4790
test,857,1,0,False,0.7547
test,858,1,1,True,0.3792
test,859,1,0,False,0.7542
test,860,1,0,False,0.8346
test,861,1,0,False,0.4524
test,862,1,0,False,0.5000
test,863,1,2,False,0.6144
test,864,1,2,False,0.7248
test,865,1,0,False,0.6994
test,866,1,0,False,0.7555
test,867,1,2,False,0.4690
test,868,1,0,False,0.5272
test,869,1,2,False,0.3730
test,870,1,0,False,0.5110
test,871,1,1,True,0.3143
test,872,1,1,True,0.4950
test,873,1,2,False,0.4321
test,874,1,2,False,0.8989
test,875,1,1,True,0.6553
test,876,1,2,False,0.4182
test,877,1,2,False,0.8163
test,878,1,0,False,0.6224
test,879,1,0,False,0.4782
test,880,1,0,False,0.6986
test,881,1,0,False,0.6144
test,882,1,0,False,0.6733
test,883,1,1,True,0.4851
test,884,1,1,True,0.5950
test,885,1,2,False,0.4221
test,886,1,0,False,0.7418
test,887,1,1,True,0.4736
test,888,1,1,True,0.5147
test,889,1,0,False,0.4427
test,890,1,0,False,0.5364
test,891,1,0,False,0.7348
test,892,1,0,False,0.6188
test,893,1,1,True,0.3882
test,894,1,0,False,0.5734
test,895,1,2,False,0.7588
test,896,1,0,False,0.7435
test,897,1,1,True,0.4632
test,898,1,2,False,0.8142
test,899,1,2,False,0.3696
test,900,1,2,False,0.3556
test,901,1,2,False,0.4597
test,902,1,0,False,0.6954
test,903,1,0,False,0.8087
test,904,1,2,False,0.4394
test,905,1,1,True,0.6511
test,906,1,0,False,0.8647
test,907,1,2,False,0.7104
test,908,1,2,False,0.3486
test,909,1,0,False,0.4023
test,910,1,1,True,0.4660
test,911,1,1,True,0.4732
test,912,1,0,False,0.4549
test,913,1,2,False,0.5287
test,914,1,2,False,0.4485
test,915,1,2,False,0.4567
test,916,1,1,True,0.5490
test,917,1,1,True,0.5502
test,918,1,1,True,0.6262
test,919,1,2,False,0.7942
test,920,1,1,True,0.3374
test,921,1,0,False,0.5139
test,922,1,0,False,0.6155
test,923,1,0,False,0.5866
test,924,1,2,False,0.4269
test,925,1,1,True,0.4448
test,926,1,3,False,0.4477
test,927,1,2,False,0.5699
test,928,1,1,True,0.4600
test,929,1,0,False,0.7663
test,930,1,2,False,0.6600
test,931,1,0,False,0.8664
test,932,1,2,False,0.4413
test,933,1,2,False,0.8056
test,934,1,1,True,0.5122
test,935,2,0,False,0.3898
test,936,2,1,False,0.4685
test,937,2,2,True,0.3674
test,938,2,2,True,0.8434
test,939,2,0,False,0.5497
test,940,2,2,True,0.7021
test,941,2,2,True,0.6507
test,942,2,2,True,0.6775
test,943,2,0,False,0.3780
test,944,2,3,False,0.4553
test,945,2,3,False,0.7644
test,946,2,2,True,0.6986
test,947,2,3,False,0.4091
test,948,2,2,True,0.7754
test,949,2,2,True,0.7330
test,950,2,2,True,0.5328
test,951,2,3,False,0.5973
test,952,2,2,True,0.5197
test,953,2,2,True,0.6460
test,954,2,2,True,0.4495
test,955,2,3,False,0.4687
test,956,2,2,True,0.7919
test,957,2,0,False,0.5765
test,958,2,1,False,0.4391
test,959,2,2,True,0.6338
test,960,2,2,True,0.4985
test,961,2,2,True,0.5866
test,962,2,2,True,0.8289
test,963,2,2,True,0.7190
test,964,2,0,False,0.5712
test,965,2,2,True,0.8994
test,966,2,2,True,0.9436
test,967,2,2,True,0.3774
test,968,2,2,True,0.5124
test,969,2,2,True,0.4842
test,970,2,2,True,0.8213
test,971,2,3,False,0.6926
test,972,2,2,True,0.5320
test,973,2,0,False,0.4842
test,974,2,2,True,0.9238
test,975,2,3,False,0.7374
test,976,2,2,True,0.4464
test,977,2,1,False,0.3769
test,978,2,2,True,0.9046
test,979,2,2,True,0.9034
test,980,2,1,False,0.4097
test,981,2,0,False,0.4956
test,982,2,2,True,0.4487
test,983,2,2,True,0.4608
test,984,2,2,True,0.8986
test,985,2,2,True,0.5482
test,986,2,2,True,0.5744
test,987,2,0,False,0.7134
test,988,2,2,True,0.8761
test,989,2,0,False,0.8977
test,990,2,0,False,0.8351
test,991,2,2,True,0.6470
test,992,2,1,False,0.4624
test,993,2,2,True,0.5141
test,994,2,0,False,0.5131
test,995,2,1,False,0.5002
test,996,2,2,True,0.4501
test,997,2,1,False,0.4501
test,998,2,2,True,0.4565
test,999,2,2,True,0.7934
test,1000,2,2,True,0.9109
test,1001,2,2,True,0.9249
test,1002,2,2,True,0.4398
test,1003,2,1,False,0.4549
test,1004,2,2,True,0.8277
test,1005,2,2,True,0.4653
test,1006,2,2,True,0.9409
test,1007,2,2,True,0.9480
test,1008,2,2,True,0.3945
test,1009,2,2,True,0.5174
test,1010,2,3,False,0.7501
test,1011,2,2,True,0.4175
test,1012,2,2,True,0.7888
test,1013,2,2,True,0.6881
test,1014,2,3,False,0.6951
test,1015,2,2,True,0.4424
test,1016,2,2,True,0.7392
test,1017,2,3,False,0.3661
test,1018,2,2,True,0.7187
test,1019,2,0,False,0.4090
test,1020,2,2,True,0.9113
test,1021,2,1,False,0.4364
test,1022,2,2,True,0.7794
test,1023,2,1,False,0.4530
test,1024,2,2,True,0.7396
test,1025,2,2,True,0.8721
test,1026,2,0,False,0.3850
test,1027,2,2,True,0.5253
test,1028,2,3,False,0.8572
test,1029,2,2,True,0.8776
test,1030,2,3,False,0.4885
test,1031,2,1,False,0.3149
test,1032,2,2,True,0.4206
test,1033,2,2,True,0.5024
test,1034,2,2,True,0.3302
test,1035,2,0,False,0.4085
test,1036,2,2,True,0.8743
test,1037,2,0,False,0.3832
test,1038,2,2,True,0.5799
test,1039,2,3,False,0.5576
test,1040,2,1,False,0.4197
test,1041,2,3,False,0.5831
test,1042,2,2,True,0.6261
test,1043,2,0,False,0.7667
test,1044,2,2,True,0.5606
test,1045,2,2,True,0.6248
test,1046,2,2,True,0.9021
test,1047,2,2,True,0.8235
test,1048,2,3,False,0.5110
test,1049,2,0,False,0.3172
test,1050,2,0,False,0.3155
test,1051,2,3,False,0.6284
test,1052,2,1,False,0.4762
test,1053,2,2,True,0.5735
test,1054,2,2,True,0.6026
test,1055,2,1,False,0.4696
test,1056,2,2,True,0.5929
test,1057,2,3,False,0.7689
test,1058,2,1,False,0.4509
test,1059,2,0,False,0.6415
test,1060,2,0,False,0.5275
test,1061,2,2,True,0.3879
test,1062,2,0,False,0.6710
test,1063,2,2,True,0.5950
test,1064,2,1,False,0.4386
test,1065,2,0,False,0.5365
test,1066,2,2,True,0.4001
test,1067,2,0,False,0.6468
test,1068,2,0,False,0.4823
test,1069,2,0,False,0.5372
test,1070,2,2,True,0.4236
test,1071,2,1,False,0.3379
test,1072,2,2,True,0.8186
test,1073,2,2,True,0.6027
test,1074,2,0,False,0.3709
test,1075,2,0,False,0.4602
test,1076,2,3,False,0.9106
test,1077,2,2,True,0.4252
test,1078,2,2,True,0.4050
test,1079,2,1,False,0.4369
test,1080,2,0,False,0.6972
test,1081,2,2,True,0.8426
test,1082,2,2,True,0.8348
test,1083,2,2,True,0.8862
test,1084,2,2,True,0.9055
test,1085,2,2,True,0.4730
test,1086,2,2,True,0.6911
test,1087,2,3,False,0.7966
test,1088,2,2,True,0.4126
test,1089,2,2,True,0.6203
test,1090,2,2,True,0.7759
test,1091,2,2,True,0.9209
test,1092,2,1,False,0.5691
test,1093,2,2,True,0.3298
test,1094,2,0,False,0.3628
test,1095,2,2,True,0.9164
test,1096,2,1,False,0.5069
test,1097,2,2,True,0.8429
test,1098,2,2,True,0.5336
test,1099,2,2,True,0.9408
test,1100,2,2,True,0.6592
test,1101,2,1,False,0.3217
test,1102,2,1,False,0.4434
test,1103,2,2,True,0.5167
test,1104,2,2,True,0.9034
test,1105,2,2,True,0.3831
test,1106,2,1,False,0.4433
test,1107,2,2,True,0.9479
test,1108,2,2,True,0.9403
test,1109,2,2,True,0.8944
test,1110,2,2,True,0.5140
test,1111,2,0,False,0.3765
test,1112,2,1,False,0.4009
test,1113,2,3,False,0.5539
test,1114,2,1,False,0.4612
test,1115,2,0,False,0.5683
test,1116,2,2,True,0.4586
test,1117,2,2,True,0.7109
test,1118,2,0,False,0.7948
test,1119,2,1,False,0.3365
test,1120,2,2,True,0.4244
test,1121,2,2,True,0.4426
test,1122,2,2,True,0.7988
test,1123,2,2,True,0.7840
test,1124,2,2,True,0.7182
test,1125,2,2,True,0.4894
test,1126,2,2,True,0.3407
test,1127,2,2,True,0.3909
test,1128,2,2,True,0.6863
test,1129,2,2,True,0.5920
test,1130,2,2,True,0.5902
test,1131,2,2,True,0.8862
test,1132,2,2,True,0.9010
test,1133,2,2,True,0.7204
test,1134,2,2,True,0.7891
test,1135,2,1,False,0.4370
test,1136,2,2,True,0.6336
test,1137,2,2,True,0.9510
test,1138,2,2,True,0.4658
test,1139,2,2,True,0.7302
test,1140,2,2,True,0.8707
test,1141,2,2,True,0.5063
test,1142,2,2,True,0.8131
test,1143,2,2,True,0.8391
test,1144,2,1,False,0.4044
test,1145,2,0,False,0.4124
test,1146,2,1,False,0.4456
test,1147,2,2,True,0.9127
test,1148,2,0,False,0.4939
test,1149,2,2,True,0.4274
test,1150,2,2,True,0.8629
test,1151,2,2,True,0.4579
test,1152,2,2,True,0.8962
test,1153,2,2,True,0.6141
test,1154,2,3,False,0.5331
test,1155,2,2,True,0.7804
test,1156,2,2,True,0.5611
test,1157,2,2,True,0.9241
test,1158,2,2,True,0.8601
test,1159,2,2,True,0.8123
test,1160,2,2,True,0.8733
test,1161,2,2,True,0.9121
test,1162,2,2,True,0.9225
test,1163,2,1,False,0.4282
test,1164,2,1,False,0.5498
test,1165,2,0,False,0.6427
test,1166,2,2,True,0.5816
test,1167,2,2,True,0.8823
test,1168,2,2,True,0.6535
test,1169,2,1,False,0.3575
test,1170,2,2,True,0.8196
test,1171,2,0,False,0.5281
test,1172,2,1,False,0.5222
test,1173,2,2,True,0.6154
test,1174,2,2,True,0.7115
test,1175,2,1,False,0.6125
test,1176,2,2,True,0.5335
test,1177,2,1,False,0.4521
test,1178,2,3,False,0.6829
test,1179,2,2,True,0.5165
test,1180,2,3,False,0.4831
test,1181,2,2,True,0.6757
test,1182,2,2,True,0.3357
test,1183,2,2,True,0.4527
test,1184,2,2,True,0.3940
test,1185,2,2,True,0.6929
test,1186,2,2,True,0.5550
test,1187,2,0,False,0.4850
test,1188,2,2,True,0.5877
test,1189,2,0,False,0.3708
test,1190,2,2,True,0.3279
test,1191,2,1,False,0.4208
test,1192,2,1,False,0.4274
test,1193,2,0,False,0.5666
test,1194,2,1,False,0.5154
test,1195,2,2,True,0.5792
test,1196,2,2,True,0.4065
test,1197,2,2,True,0.3687
test,1198,2,2,True,0.5933
test,1199,2,2,True,0.8820
test,1200,2,2,True,0.8686
test,1201,2,1,False,0.3818
test,1202,2,1,False,0.4636
test,1203,2,2,True,0.8237
test,1204,2,2,True,0.4496
test,1205,2,2,True,0.7080
test,1206,2,2,True,0.4620
test,1207,2,2,True,0.5039
test,1208,2,1,False,0.4564
test,1209,2,2,True,0.6648
test,1210,2,3,False,0.7937
test,1211,2,2,True,0.8743
test,1212,2,2,True,0.8525
test,1213,2,2,True,0.8951
test,1214,2,2,True,0.4415
test,1215,2,0,False,0.4710
test,1216,2,2,True,0.3429
test,1217,2,0,False,0.6234
test,1218,2,2,True,0.3565
test,1219,2,0,False,0.4229
test,1220,2,2,True,0.4446
test,1221,2,0,False,0.4481
test,1222,2,3,False,0.7009
test,1223,2,2,True,0.4811
test,1224,2,1,False,0.4713
test,1225,2,1,False,0.5039
test,1226,2,2,True,0.7716
test,1227,2,2,True,0.5840
test,1228,2,2,True,0.7277
test,1229,2,2,True,0.8538
test,1230,2,0,False,0.5044
test,1231,2,0,False,0.5883
test,1232,2,1,False,0.5249
test,1233,2,2,True,0.3748
test,1234,2,2,True,0.8238
test,1235,2,2,True,0.6900
test,1236,2,2,True,0.6633
test,1237,2,2,True,0.6524
test,1238,2,3,False,0.8043
test,1239,2,2,True,0.4893
test,1240,2,2,True,0.8064
test,1241,2,2,True,0.3669
test,1242,2,0,False,0.5669
test,1243,2,3,False,0.5041
test,1244,2,2,True,0.4964
test,1245,2,1,False,0.4667
test,1246,2,0,False,0.4867
test,1247,2,2,True,0.4579
test,1248,2,2,True,0.4820
test,1249,2,0,False,0.4686
test,1250,2,0,False,0.4995
test,1251,2,0,False,0.4255
test,1252,2,2,True,0.3882
test,1253,2,2,True,0.5966
test,1254,2,0,False,0.4078
test,1255,2,2,True,0.9168
test,1256,2,2,True,0.8525
test,1257,2,1,False,0.4847
test,1258,2,2,True,0.6991
test,1259,2,0,False,0.6853
test,1260,2,0,False,0.7016
test,1261,2,2,True,0.7509
test,1262,2,2,True,0.8322
test,1263,2,1,False,0.4214
test,1264,2,1,False,0.5175
test,1265,2,0,False,0.4885
test,1266,2,2,True,0.4478
test,1267,2,2,True,0.6635
test,1268,2,3,False,0.6996
test,1269,2,2,True,0.6547
test,1270,2,2,True,0.7381
test,1271,2,2,True,0.5612
test,1272,2,0,False,0.5737
test,1273,2,0,False,0.7705
test,1274,2,2,True,0.5364
test,1275,2,2,True,0.4144
test,1276,2,2,True,0.3859
test,1277,2,2,True,0.7715
test,1278,2,2,True,0.8719
test,1279,2,1,False,0.5802
test,1280,2,3,False,0.4348
test,1281,2,3,False,0.6384
test,1282,2,2,True,0.4956
test,1283,2,2,True,0.6712
test,1284,2,0,False,0.7155
test,1285,2,0,False,0.8171
test,1286,2,2,True,0.9331
test,1287,2,2,True,0.9548
test,1288,2,1,False,0.4232
test,1289,2,2,True,0.9296
test,1290,2,2,True,0.9225
test,1291,2,1,False,0.6065
test,1292,2,2,True,0.4563
test,1293,2,3,False,0.7973
test,1294,2,1,False,0.4894
test,1295,2,0,False,0.7950
test,1296,2,0,False,0.8028
test,1297,2,2,True,0.4296
test,1298,2,2,True,0.6861
test,1299,2,0,False,0.5503
test,1300,2,1,False,0.5657
test,1301,2,1,False,0.4316
test,1302,2,0,False,0.4711
test,1303,2,2,True,0.9204
test,1304,2,2,True,0.8717
test,1305,2,2,True,0.3774
test,1306,2,0,False,0.4886
test,1307,2,2,True,0.5972
test,1308,2,3,False,0.6288
test,1309,2,2,True,0.6333
test,1310,2,3,False,0.6971
test,1311,2,2,True,0.5850
test,1312,2,2,True,0.8556
test,1313,2,2,True,0.4047
test,1314,2,1,False,0.3460
test,1315,2,2,True,0.7430
test,1316,2,2,True,0.7777
test,1317,2,1,False,0.4564
test,1318,2,2,True,0.5790
test,1319,2,1,False,0.4391
test,1320,2,0,False,0.6587
test,1321,2,0,False,0.6191
test,1322,2,2,True,0.8869
test,1323,2,0,False,0.6579
test,1324,2,1,False,0.4390
test,1325,2,3,False,0.5962
test,1326,2,1,False,0.5451
test,1327,2,2,True,0.8997
test,1328,2,2,True,0.8172
test,1329,2,3,False,0.8151
test,1330,2,0,False,0.6361
test,1331,2,3,False,0.5528
test,1332,2,2,True,0.6371
test,1333,2,2,True,0.8944
test,1334,2,2,True,0.7519
test,1335,2,2,True,0.6396
test,1336,2,1,False,0.5558
test,1337,2,1,False,0.5255
test,1338,2,2,True,0.5157
test,1339,2,2,True,0.3514
test,1340,2,2,True,0.8299
test,1341,2,2,True,0.9437
test,1342,2,2,True,0.7691
test,1343,2,2,True,0.4724
test,1344,2,2,True,0.6203
test,1345,2,2,True,0.8553
test,1346,2,0,False,0.6575
test,1347,2,1,False,0.5911
test,1348,2,2,True,0.3467
test,1349,2,2,True,0.4821
test,1350,2,1,False,0.4967
test,1351,2,0,False,0.6364
test,1352,2,0,False,0.5088
test,1353,2,2,True,0.7746
test,1354,2,2,True,0.7746
test,1355,2,2,True,0.7336
test,1356,2,2,True,0.8096
test,1357,2,0,False,0.5425
test,1358,2,2,True,0.4847
test,1359,2,3,False,0.7857
test,1360,2,2,True,0.8179
test,1361,2,2,True,0.8771
test,1362,2,2,True,0.9550
test,1363,2,0,False,0.5598
test,1364,2,0,False,0.4880
test,1365,2,2,True,0.7600
test,1366,2,2,True,0.3988
test,1367,2,0,False,0.4311
test,1368,2,2,True,0.6995
test,1369,2,2,True,0.7181
test,1370,2,2,True,0.6440
test,1371,2,2,True,0.9277
test,1372,2,2,True,0.3478
test,1373,2,0,False,0.3330
test,1374,2,0,False,0.6406
test,1375,2,2,True,0.7627
test,1376,2,2,True,0.5653
test,1377,2,0,False,0.4669
test,1378,2,2,True,0.4858
test,1379,2,2,True,0.8500
test,1380,2,0,False,0.5434
test,1381,2,2,True,0.7723
test,1382,3,3,True,0.9256
test,1383,3,3,True,0.7728
test,1384,3,3,True,0.8921
test,1385,3,3,True,0.9350
test,1386,3,0,False,0.3602
test,1387,3,2,False,0.6279
test,1388,3,1,False,0.4641
test,1389,3,3,True,0.8000
test,1390,3,3,True,0.9588
test,1391,3,3,True,0.7612
test,1392,3,3,True,0.8951
test,1393,3,3,True,0.7821
test,1394,3,3,True,0.8822
test,1395,3,3,True,0.8747
test,1396,3,3,True,0.9330
test,1397,3,3,True,0.9303
test,1398,3,3,True,0.9094
test,1399,3,3,True,0.6548
test,1400,3,3,True,0.9171
test,1401,3,3,True,0.9429
test,1402,3,3,True,0.9383
test,1403,3,3,True,0.8822
test,1404,3,3,True,0.7211
test,1405,3,4,False,0.8913
test,1406,3,2,False,0.3381
test,1407,3,2,False,0.5552
test,1408,3,3,True,0.4633
test,1409,3,3,True,0.8027
test,1410,3,4,False,0.7552
test,1411,3,2,False,0.5914
test,1412,3,2,False,0.4847
test,1413,3,3,True,0.8889
test,1414,3,3,True,0.9429
test,1415,3,3,True,0.9113
test,1416,3,3,True,0.8888
test,1417,3,3,True,0.9272
test,1418,3,3,True,0.7389
test,1419,3,3,True,0.9553
test,1420,3,3,True,0.7855
test,1421,3,2,False,0.3789
test,1422,3,3,True,0.5171
test,1423,3,2,False,0.3157
test,1424,3,2,False,0.5250
test,1425,3,2,False,0.8047
test,1426,3,2,False,0.7432
test,1427,3,3,True,0.9414
test,1428,3,3,True,0.9178
test,1429,3,3,True,0.9371
test,1430,3,3,True,0.9381
test,1431,3,3,True,0.8880
test,1432,3,3,True,0.8378
test,1433,3,3,True,0.3263
test,1434,3,0,False,0.3087
test,1435,3,2,False,0.6763
test,1436,3,3,True,0.8530
test,1437,3,3,True,0.8874
test,1438,3,3,True,0.9056
test,1439,3,3,True,0.6499
test,1440,3,3,True,0.8647
test,1441,3,3,True,0.8883
test,1442,3,2,False,0.3278
test,1443,3,3,True,0.5089
test,1444,3,3,True,0.8852
test,1445,3,3,True,0.6539
test,1446,3,2,False,0.5860
test,1447,3,4,False,0.9231
test,1448,3,3,True,0.8815
test,1449,3,3,True,0.7638
test,1450,3,2,False,0.4526
test,1451,3,3,True,0.4733
test,1452,3,2,False,0.5001
test,1453,3,3,True,0.9149
test,1454,3,3,True,0.8993
test,1455,3,3,True,0.3830
test,1456,3,3,True,0.7812
test,1457,3,3,True,0.7734
test,1458,3,2,False,0.4832
test,1459,3,2,False,0.4398
test,1460,3,3,True,0.8988
test,1461,3,2,False,0.5517
test,1462,3,3,True,0.8429
test,1463,3,3,True,0.9480
test,1464,3,3,True,0.8512
test,1465,3,3,True,0.9268
test,1466,3,3,True,0.7027
test,1467,3,3,True,0.8993
test,1468,3,4,False,0.5373
test,1469,3,3,True,0.8137
test,1470,3,3,True,0.7914
test,1471,3,3,True,0.8733
test,1472,3,3,True,0.8976
test,1473,3,3,True,0.7895
test,1474,3,3,True,0.7588
test,1475,3,3,True,0.7568
test,1476,3,3,True,0.8850
test,1477,3,2,False,0.5370
test,1478,3,3,True,0.9051
test,1479,3,0,False,0.3234
test,1480,3,3,True,0.7715
test,1481,3,3,True,0.7604
test,1482,3,2,False,0.6361
test,1483,3,3,True,0.9517
test,1484,3,2,False,0.4899
test,1485,3,2,False,0.4304
test,1486,3,2,False,0.4010
test,1487,3,3,True,0.8049
test,1488,3,2,False,0.6677
test,1489,3,3,True,0.7546
test,1490,3,3,True,0.9212
test,1491,3,4,False,0.9042
test,1492,3,3,True,0.7011
test,1493,3,3,True,0.8933
test,1494,3,3,True,0.4456
test,1495,3,2,False,0.4831
test,1496,3,2,False,0.7177
test,1497,3,1,False,0.4513
test,1498,3,3,True,0.3591
test,1499,3,3,True,0.7657
test,1500,3,3,True,0.8652
test,1501,3,3,True,0.8428
test,1502,3,3,True,0.9404
test,1503,3,3,True,0.9258
test,1504,3,2,False,0.6015
test,1505,3,3,True,0.8814
test,1506,3,3,True,0.7445
test,1507,3,3,True,0.6211
test,1508,3,3,True,0.9331
test,1509,3,3,True,0.9029
test,1510,3,3,True,0.8817
test,1511,3,3,True,0.5850
test,1512,3,3,True,0.9507
test,1513,3,3,True,0.9218
test,1514,3,3,True,0.8877
test,1515,3,3,True,0.6254
test,1516,3,2,False,0.5743
test,1517,3,3,True,0.2848
test,1518,3,3,True,0.9143
test,1519,3,3,True,0.7864
test,1520,3,3,True,0.9245
test,1521,3,0,False,0.6314
test,1522,3,3,True,0.9515
test,1523,3,3,True,0.9380
test,1524,3,3,True,0.8971
test,1525,3,3,True,0.2934
test,1526,3,3,True,0.9216
test,1527,3,4,False,0.5609
test,1528,3,3,True,0.7411
test,1529,3,3,True,0.9200
test,1530,3,3,True,0.8551
test,1531,3,3,True,0.8556
test,1532,3,3,True,0.8499
test,1533,3,3,True,0.8192
test,1534,3,3,True,0.6940
test,1535,3,3,True,0.4627
test,1536,3,3,True,0.3729
test,1537,3,3,True,0.8854
test,1538,3,2,False,0.4649
test,1539,3,2,False,0.7359
test,1540,3,2,False,0.6230
test,1541,3,2,False,0.4032
test,1542,3,3,True,0.9464
test,1543,3,0,False,0.5763
test,1544,3,2,False,0.4758
test,1545,3,1,False,0.3221
test,1546,3,2,False,0.4393
test,1547,3,2,False,0.4250
test,1548,3,3,True,0.9554
test,1549,3,3,True,0.8945
test,1550,3,3,True,0.5187
test,1551,3,3,True,0.8119
test,1552,3,3,True,0.8871
test,1553,3,2,False,0.5571
test,1554,3,3,True,0.6597
test,1555,3,3,True,0.8797
test,1556,3,3,True,0.8290
test,1557,3,3,True,0.8342
test,1558,3,2,False,0.8287
test,1559,3,4,False,0.5699
test,1560,3,3,True,0.7841
test,1561,3,2,False,0.4584
test,1562,3,3,True,0.9365
test,1563,3,3,True,0.9554
test,1564,3,4,False,0.7291
test,1565,3,1,False,0.3998
test,1566,3,3,True,0.8163
test,1567,3,1,False,0.3585
test,1568,3,3,True,0.6834
test,1569,3,1,False,0.3988
test,1570,3,3,True,0.4904
test,1571,3,2,False,0.7608
test,1572,3,3,True,0.8669
test,1573,3,3,True,0.8044
test,1574,3,3,True,0.9258
test,1575,3,3,True,0.9191
test,1576,3,3,True,0.9693
test,1577,3,3,True,0.9454
test,1578,3,3,True,0.9589
test,1579,3,3,True,0.8487
test,1580,3,3,True,0.9516
test,1581,3,3,True,0.6893
test,1582,3,3,True,0.7661
test,1583,3,2,False,0.8971
test,1584,3,3,True,0.9563
test,1585,3,3,True,0.8909
test,1586,3,3,True,0.9153
test,1587,3,3,True,0.6191
test,1588,3,2,False,0.4564
test,1589,3,2,False,0.4335
test,1590,3,3,True,0.8281
test,1591,3,2,False,0.3834
test,1592,3,3,True,0.9471
test,1593,3,2,False,0.5506
test,1594,3,3,True,0.5009
test,1595,3,3,True,0.9333
test,1596,3,3,True,0.8839
test,1597,3,3,True,0.5498
test,1598,3,3,True,0.8534
test,1599,3,3,True,0.8054
test,1600,3,2,False,0.7292
test,1601,3,3,True,0.9528
test,1602,3,3,True,0.8934
test,1603,3,3,True,0.8274
test,1604,3,3,True,0.8423
test,1605,4,4,True,0.7843
test,1606,4,4,True,0.8928
test,1607,4,4,True,0.6176
test,1608,4,4,True,0.8099
test,1609,4,3,False,0.7715
test,1610,4,4,True,0.8493
test,1611,4,4,True,0.7259
test,1612,4,4,True,0.9378
test,1613,4,4,True,0.7018
test,1614,4,4,True,0.8992
test,1615,4,4,True,0.9002
test,1616,4,4,True,0.8671
test,1617,4,3,False,0.8470
test,1618,4,3,False,0.7721
test,1619,4,3,False,0.5313
test,1620,4,4,True,0.9099
test,1621,4,4,True,0.9037
test,1622,4,3,False,0.5250
test,1623,4,4,True,0.9413
test,1624,4,4,True,0.8860
test,1625,4,4,True,0.8674
test,1626,4,4,True,0.8218
test,1627,4,4,True,0.5301
test,1628,4,4,True,0.5031
test,1629,4,4,True,0.9309
test,1630,4,3,False,0.4862
test,1631,4,4,True,0.6726
test,1632,4,4,True,0.5505
test,1633,4,4,True,0.9045
test,1634,4,4,True,0.8693
test,1635,4,4,True,0.8893
test,1636,4,4,True,0.8776
test,1637,4,4,True,0.9443
test,1638,4,4,True,0.8507
test,1639,4,4,True,0.8817
test,1640,4,4,True,0.9045
test,1641,4,4,True,0.7077
test,1642,4,3,False,0.7598
test,1643,4,4,True,0.9083
test,1644,4,2,False,0.3312
test,1645,4,3,False,0.9043
test,1646,4,4,True,0.9447
test,1647,4,4,True,0.8965
test,1648,4,4,True,0.5863
test,1649,4,4,True,0.7734
test,1650,4,4,True,0.8951
test,1651,4,2,False,0.4588
test,1652,4,4,True,0.9429
test,1653,4,4,True,0.4199
test,1654,4,4,True,0.9372
test,1655,4,4,True,0.8184
